DROP TABLE IF EXISTS "user_cart_item";
DROP TABLE IF EXISTS "collection";
DROP TABLE IF EXISTS "collection_product";
DROP TABLE IF EXISTS "order_item";
DROP TABLE IF EXISTS "order_operate_history";
DROP TABLE IF EXISTS "order_return_apply";
DROP TABLE IF EXISTS "order";
DROP TABLE IF EXISTS "product_attribute";
DROP TABLE IF EXISTS "product_attribute_value";
DROP TABLE IF EXISTS "product_category_attribute_relation";
DROP TABLE IF EXISTS "product_category";
DROP TABLE IF EXISTS "product_detail_template";
DROP TABLE IF EXISTS "product_detail_template_relation";
DROP TABLE IF EXISTS "product_picture";
DROP TABLE IF EXISTS "product_recommend";
DROP TABLE IF EXISTS "product_sku";
DROP TABLE IF EXISTS "product";
DROP TABLE IF EXISTS "user_role_permission_relation";
DROP TABLE IF EXISTS "user";
DROP TABLE IF EXISTS "user_favourite";
DROP TABLE IF EXISTS "user_login_history";
DROP TABLE IF EXISTS "user_payment_type";
DROP TABLE IF EXISTS "user_permission";
DROP TABLE IF EXISTS "user_recevie_address";
DROP TABLE IF EXISTS "user_role";
DROP TABLE IF EXISTS "user_role_relation";

CREATE TABLE "user_cart_item" (
  "id" int4 NOT NULL GENERATED BY DEFAULT AS IDENTITY ,
  "product_id" int4 NOT NULL,
  "product_category_id" int4,
  "product_sku_id" int4,
  "user_id" int4,
  "quantity" int4,
  "price" int8,
  "product_pic" varchar(50),
  "product_name" varchar(50),
  "product_sn" varchar(50),
  "product_sku_code" varchar(50),
  "user_name" varchar(30),
  "create_date" date,
  "modify_date" date,
  "delete_status" bool,
  "product_attr" varchar(255),
  PRIMARY KEY ("id")
);

CREATE TABLE "collection" (
  "id" int4 NOT NULL GENERATED BY DEFAULT AS IDENTITY ,
  "name" varchar(30) NOT NULL,
  "pic" varchar(50) NOT NULL,
  "create_time" date,
  "sort" int4 NOT NULL,
  "status" bool NOT NULL,
  "recommend_status" bool,
  "bg_pic" varchar(50),
  PRIMARY KEY ("id")
);

CREATE TABLE "collection_product" (
  "id" int4 NOT NULL GENERATED BY DEFAULT AS IDENTITY ,
  "collection_id" int4,
  "product_id" int4,
  "sort" int4,
  "status" bool,
   PRIMARY KEY ("id")
);


CREATE TABLE "order" (
  "id" int4 NOT NULL GENERATED BY DEFAULT AS IDENTITY ,
  "order_sn" varchar(50) NOT NULL,
  "user_name" varchar(30) NOT NULL,
  "total_amount" int8 NOT NULL,
  "pay_amount" int8,
  "freight_amount" int8,
  "pay_type" int4 NOT NULL,
  "source_type" varchar(30),
  "delivery_sn" varchar(50),
  "receiver_name" varchar(30) NOT NULL,
  "receiver_zip_code" varchar(10) NOT NULL,
  "receiver_city" varchar(20) NOT NULL,
  "receiver_state" varchar(20) NOT NULL,
  "receiver_address" varchar(255) NOT NULL,
  "receiver_phone" varchar(20) NOT NULL,
  "confirm_status" varchar(10),
  "delete_status" bool,
  "payment_time" date,
  "delivery_time" date,
  "receive_time" date,
  "update_time" date,
  "create_time" date,
  "order_status" int4 NOT NULL,
  "status" bool NOT NULL,
  PRIMARY KEY ("id")
);

CREATE TABLE "order_item" (
  "id" int4 NOT NULL GENERATED BY DEFAULT AS IDENTITY ,
  "order_id" int4 NOT NULL,
  "order_sn" varchar(50) NOT NULL,
  "product_id" int4 NOT NULL,
  "product_pic" varchar(50) NOT NULL,
  "product_name" varchar(30) NOT NULL,
  "product_sn" varchar(50),
  "product_price" int8 NOT NULL,
  "product_quantity" int4 NOT NULL,
  "product_sku_id" int4,
  "product_category_id" int4,
  "product_attr" varchar(200) NOT NULL,
  PRIMARY KEY ("id")
);

CREATE TABLE "order_operate_history" (
  "id" int4 NOT NULL GENERATED BY DEFAULT AS IDENTITY ,
  "order_id" int4 NOT NULL,
  "operater" varchar(50),
  "create_time" date,
  "order_status" varchar(10),
  "note" varchar(255),
  PRIMARY KEY ("id")
);

CREATE TABLE "order_return_apply" (
  "id" int4 NOT NULL GENERATED BY DEFAULT AS IDENTITY ,
  "order_id" int4,
  "order_sn" varchar(50),
  "product_id" int4,
  "create_time" date,
  "user_name" varchar(30),
  "return_amount" int8,
  "return_name" varchar(30),
  "return_phone" varchar(20),
  "status" varchar(10),
  "product_name" varchar(30),
  "product_attr" varchar(255),
  "product_pic" varchar(50),
  "product_count" varchar(10),
  "product_price" int8,
  "reason" varchar(255),
  "description" varchar(255),
  "handle_time" date,
  "handle_note" varchar(255),
  PRIMARY KEY ("id")
);

CREATE TABLE "product" (
  "id" int4 NOT NULL GENERATED BY DEFAULT AS IDENTITY ,
  "product_category_id" int4 NOT NULL,
    "product_category_name" varchar(20)  NOT NULL,
    "name" varchar(30)  NOT NULL,
    "brand" varchar(20)  NOT NULL,
    "product_sn" varchar(32) ,
    "publish_season" varchar(20)  NOT NULL,
    "publish_year" int4 NOT NULL,
    "new_status" bool NOT NULL,
    "sort" int4,
    "sale" int4,
    "price" int8 NOT NULL,
    "rating" float4 NOT NULL,
    "preview_pic" varchar(50)  NOT NULL,
    "unit" varchar(10) ,
    "weight" numeric(10,4),
    "keywords" varchar(20) ,
    "note" varchar(255) ,
    "delivery_type" varchar(20),
    "status" bool NOT NULL,
  PRIMARY KEY ("id")
);

CREATE TABLE "product_attribute" (
  "id" int4 NOT NULL GENERATED BY DEFAULT AS IDENTITY ,
  "name" varchar(30) NOT NULL,
  "sort" int4 NOT NULL,
  "status" bool NOT NULL,
  PRIMARY KEY ("id")
);

CREATE TABLE "product_attribute_value" (
  "id" int4 NOT NULL GENERATED BY DEFAULT AS IDENTITY ,
  "product_attribute_id" int4 NOT NULL,
  "value" varchar(255) NOT NULL,
  PRIMARY KEY ("id")
);

CREATE TABLE "product_category_attribute_relation" (
  "id" int4 NOT NULL GENERATED BY DEFAULT AS IDENTITY ,
  "category_id" int4 NOT NULL,
  "attribute_id" int4 NOT NULL,
  "status" bool,
  PRIMARY KEY ("id")
);

CREATE TABLE "product_category" (
  "id" int4 NOT NULL GENERATED BY DEFAULT AS IDENTITY,
  "parent_id" int4,
  "name" varchar(30),
  "level" int4,
  "sort" int4,
  "keywords" varchar(20),
  "description" varchar(255),
  "status" bool,
  PRIMARY KEY ("id")
);

CREATE TABLE "product_detail_template" (
  "id" int4 NOT NULL GENERATED BY DEFAULT AS IDENTITY ,
  "type" varchar(10) NOT NULL,
  "title" varchar(30) NOT NULL,
  "detail" text NOT NULL,
  PRIMARY KEY ("id")
);
COMMENT ON COLUMN "product_detail_template"."type" IS 'html or text';

CREATE TABLE "product_detail_template_relation" (
  "id" int4 GENERATED BY DEFAULT AS IDENTITY ,
  "category_id" int4 NOT NULL,
  "template_id" int4 NOT NULL,
  "sort" int4 NOT NULL,
  PRIMARY KEY ("id")
);

CREATE TABLE "product_picture" (
  "id" int4 NOT NULL GENERATED BY DEFAULT AS IDENTITY ,
  "product_id" int4 NOT NULL,
  "type" int4 NOT NULL,
  "sort" int4 NOT NULL,
  "url" varchar(50) NOT NULL,
  "status" bool NOT NULL,
  PRIMARY KEY ("id")
);
COMMENT ON COLUMN "product_picture"."type" IS 'album or detail or gallery';

CREATE TABLE "product_recommend" (
  "id" int4 NOT NULL GENERATED BY DEFAULT AS IDENTITY ,
  "product_id" int4 NOT NULL,
  "product_name" varchar(30),
  "sort" int4,
  "status" bool,
  PRIMARY KEY ("id")
);

CREATE TABLE "product_sku" (
  "id" int4 NOT NULL GENERATED BY DEFAULT AS IDENTITY ,
  "product_id" int4 NOT NULL,
  "sku_code" varchar(255) NOT NULL,
  "price" int8 NOT NULL,
  "stock" int4,
  "low_stock" int4,
  "sale" int4,
  "pic" varchar(50),
  "lock_stock" int4,
  "attr_json" json,
  "status" bool NOT NULL,
  PRIMARY KEY ("id")
);


COMMENT ON COLUMN "product_sku"."attr_json" IS 'type  [{attr_name,attr_value,attr_value_id}]';

CREATE TABLE "user_role_permission_relation" (
  "id" int4 NOT NULL GENERATED BY DEFAULT AS IDENTITY ,
  "role_id" int4,
  "permission_id" int4,
  PRIMARY KEY ("id")
);

CREATE TABLE "user" (
  "id" int4 NOT NULL GENERATED BY DEFAULT AS IDENTITY ,
  "username" varchar(30) NOT NULL,
  "password" varchar(30) NOT NULL,
  "email" varchar(50),
  "create_time" date,
  "status" bool,
  PRIMARY KEY ("id")
);

CREATE UNIQUE INDEX "username" ON "user" USING btree (
  "username" ASC NULLS LAST
);

CREATE TABLE "user_favourite" (
  "id" int4 NOT NULL,
  "user_id" int4 NOT NULL,
  "collection_id" int4,
  "product_id" int4,
  "category_id" int4,
  "create_time" date,
  "delete_flag" bool,
  PRIMARY KEY ("id")
);

CREATE TABLE "user_login_history" (
  "id" int4 NOT NULL GENERATED BY DEFAULT AS IDENTITY ,
  "user_id" int4,
  "create_time" date,
  "ip" varchar(20),
  "city" varchar(20),
  "login_type" int4,
  PRIMARY KEY ("id")
);

CREATE TABLE "user_payment_type" (
  "id" int4 NOT NULL GENERATED BY DEFAULT AS IDENTITY ,
  "user_name" varchar(20) NOT NULL,
  "card_name" varchar(50) NOT NULL,
  "card_number" varchar(50) NOT NULL,
  "exp_mon" varchar(10) NOT NULL,
  "exp_year" varchar(10) NOT NULL,
  "cvv" varchar(10) NOT NULL,
  "is_default" bool ,
  "card_type" int4 NOT NULL,
  "create_date" date,
  "status" bool NOT NULL,
  PRIMARY KEY ("id")
);

CREATE UNIQUE INDEX "card_num" ON "user_payment_type" USING btree (
  "card_number"  ASC NULLS LAST
);

CREATE TABLE "user_permission" (
  "id" int4 NOT NULL GENERATED BY DEFAULT AS IDENTITY ,
  "name" varchar(30),
  "value" varchar(255),
  "status" bool,
  "sort" int4,
  PRIMARY KEY ("id")
);

CREATE TABLE "user_recevie_address" (
  "id" int4 NOT NULL GENERATED BY DEFAULT AS IDENTITY ,
  "user_name" varchar(20) NOT NULL,
  "first_name" varchar(30) NOT NULL,
  "second_name" varchar(30) NOT NULL,
  "address" varchar(255) NOT NULL,
  "city" varchar(20) NOT NULL,
  "state" varchar(20) NOT NULL,
  "zipcode" varchar(10) NOT NULL,
  "phone" varchar(20) NOT NULL,
  "is_default" bool ,
  "create_time" date,
  "status" bool NOT NULL,
  PRIMARY KEY ("id")
);

CREATE TABLE "user_role" (
  "id" int4 NOT NULL GENERATED BY DEFAULT AS IDENTITY ,
  "name" varchar(30),
  "description" varchar(255),
  "create_time" date,
  "status" int4,
  PRIMARY KEY ("id")
);

CREATE TABLE "user_role_relation" (
  "id" int4 NOT NULL GENERATED BY DEFAULT AS IDENTITY ,
  "role_id" int4 NOT NULL,
  "user_id" int4 NOT NULL,
  PRIMARY KEY ("id")
);

ALTER TABLE "order_item" ADD CONSTRAINT "fk_order_item_order_1" FOREIGN KEY ("order_id") REFERENCES "order" ("id");
ALTER TABLE "product_sku" ADD CONSTRAINT "fk_product_sku_product_1" FOREIGN KEY ("product_id") REFERENCES "product" ("id");

BEGIN;
INSERT INTO "collection" ("id", "name", "pic", "create_time", "sort", "status", "recommend_status","bg_pic") VALUES (1, 'OCTOBER COLLECTION', '/assets/1.png', '2024-04-23', 1, 't', 't','/assets/collection.png');
INSERT INTO "collection" ("id", "name", "pic", "create_time", "sort", "status", "recommend_status","bg_pic") VALUES (3, 'AUTUMN COLLECTION', '/assets/p0.png', '2024-04-23', 3, 't', 't','');
INSERT INTO "collection" ("id", "name", "pic", "create_time", "sort", "status", "recommend_status","bg_pic") VALUES (2, 'BLACK COLLECTION', '/assets/1-0.png', '2024-04-23', 2, 't', 't','');
COMMIT;

BEGIN;
INSERT INTO "collection_product" ("id", "collection_id", "product_id", "sort", "status") VALUES (1, 1, 8, 0, 't');
INSERT INTO "collection_product" ("id", "collection_id", "product_id", "sort", "status") VALUES (2, 1, 9, 1, 't');
INSERT INTO "collection_product" ("id", "collection_id", "product_id", "sort", "status") VALUES (3, 1, 10, 2, 't');
INSERT INTO "collection_product" ("id", "collection_id", "product_id", "sort", "status") VALUES (4, 1, 11, 3, 't');
INSERT INTO "collection_product" ("id", "collection_id", "product_id", "sort", "status") VALUES (5, 1, 12, 4, 't');
INSERT INTO "collection_product" ("id", "collection_id", "product_id", "sort", "status") VALUES (6, 1, 13, 5, 't');
INSERT INTO "collection_product" ("id", "collection_id", "product_id", "sort", "status") VALUES (7, 2, 14, 0, 't');
INSERT INTO "collection_product" ("id", "collection_id", "product_id", "sort", "status") VALUES (8, 2, 15, 1, 't');
INSERT INTO "collection_product" ("id", "collection_id", "product_id", "sort", "status") VALUES (9, 3, 46, 0, 't');
INSERT INTO "collection_product" ("id", "collection_id", "product_id", "sort", "status") VALUES (10, 3, 45, 1, 't');
COMMIT;

BEGIN;
INSERT INTO "product" ("id", "product_category_id", "product_category_name", "name", "brand", "product_sn", "publish_season", "publish_year", "new_status", "sort", "sale", "price", "rating", "preview_pic", "unit", "weight", "keywords", "note", "delivery_type", "status") VALUES (11, 38, 'Jewelry', 'golden ring', 'zara', 'e77973b6d2f34fb1bf6a532c2bdb1e14', 'spring', 2021, 'f', NULL, NULL, 198, '4.8', '/assets/1-4.png', '', NULL, NULL, NULL, NULL, 't');
INSERT INTO "product" ("id", "product_category_id", "product_category_name", "name", "brand", "product_sn", "publish_season", "publish_year", "new_status", "sort", "sale", "price", "rating", "preview_pic", "unit", "weight", "keywords", "note", "delivery_type", "status") VALUES (12, 38, 'Jewelry', 'golden ring', 'zara', '25aa2ee3bee54b14923cd40fba2aad52', 'spring', 2021, 'f', NULL, NULL, 198, '4.8', '/assets/1-5.png', '', NULL, NULL, NULL, NULL, 't');
INSERT INTO "product" ("id", "product_category_id", "product_category_name", "name", "brand", "product_sn", "publish_season", "publish_year", "new_status", "sort", "sale", "price", "rating", "preview_pic", "unit", "weight", "keywords", "note", "delivery_type", "status") VALUES (13, 38, 'Jewelry', 'golden ring', 'zara', '25a3d23592c84266b43090aa54a65baa', 'spring', 2021, 'f', NULL, NULL, 198, '4.8', '/assets/1-6.png', '', NULL, NULL, NULL, NULL, 't');
INSERT INTO "product" ("id", "product_category_id", "product_category_name", "name", "brand", "product_sn", "publish_season", "publish_year", "new_status", "sort", "sale", "price", "rating", "preview_pic", "unit", "weight", "keywords", "note", "delivery_type", "status") VALUES (66, 38, 'Jewelry', 'diamond ring', 'zara', 'cdad09a01d8a4378a7eaec4a27890b77', 'spring', 2021, 'f', NULL, NULL, 198, '4.8', '/assets/p34.png', '', NULL, NULL, NULL, NULL, 't');
INSERT INTO "product" ("id", "product_category_id", "product_category_name", "name", "brand", "product_sn", "publish_season", "publish_year", "new_status", "sort", "sale", "price", "rating", "preview_pic", "unit", "weight", "keywords", "note", "delivery_type", "status") VALUES (67, 38, 'Jewelry', 'diamond ring', 'zara', '3d44a2e8caa3444190e8b8cdacbc8076', 'spring', 2021, 'f', NULL, NULL, 198, '4.8', '/assets/p35.png', '', NULL, NULL, NULL, NULL, 't');
INSERT INTO "product" ("id", "product_category_id", "product_category_name", "name", "brand", "product_sn", "publish_season", "publish_year", "new_status", "sort", "sale", "price", "rating", "preview_pic", "unit", "weight", "keywords", "note", "delivery_type", "status") VALUES (68, 38, 'Jewelry', 'diamond ring', 'zara', 'bb93459bd5ff40f49e943a3974b1220c', 'spring', 2021, 'f', NULL, NULL, 198, '4.8', '/assets/p36.png', '', NULL, NULL, NULL, NULL, 't');
INSERT INTO "product" ("id", "product_category_id", "product_category_name", "name", "brand", "product_sn", "publish_season", "publish_year", "new_status", "sort", "sale", "price", "rating", "preview_pic", "unit", "weight", "keywords", "note", "delivery_type", "status") VALUES (14, 4, 'Dresses', 'Lace Stitch Knit Dress', 'Lace', '1474da551f9949ecbc3fb230044c56c2', 'spring', 2024, 't', NULL, NULL, 198, '4.8', '/assets/2-1.jpg', '', NULL, NULL, NULL, NULL, 't');
INSERT INTO "product" ("id", "product_category_id", "product_category_name", "name", "brand", "product_sn", "publish_season", "publish_year", "new_status", "sort", "sale", "price", "rating", "preview_pic", "unit", "weight", "keywords", "note", "delivery_type", "status") VALUES (15, 4, 'Dresses', 'Gather Sleeve Midi Dress', 'Lace', 'ad3f15e9e9f445c09875466a05ee1586', 'spring', 2024, 't', NULL, NULL, 198, '4.8', '/assets/2-2.jpg', '', NULL, NULL, NULL, NULL, 't');
INSERT INTO "product" ("id", "product_category_id", "product_category_name", "name", "brand", "product_sn", "publish_season", "publish_year", "new_status", "sort", "sale", "price", "rating", "preview_pic", "unit", "weight", "keywords", "note", "delivery_type", "status") VALUES (69, 27, 'Coats', 'Faux Fur Jacket', '21win', 'd2e6ed9aafa24a1db3c80b97920d97e9', 'winter', 2021, 'f', NULL, NULL, 198, '4.8', '/assets/s1.png', '', NULL, NULL, NULL, NULL, 't');
INSERT INTO "product" ("id", "product_category_id", "product_category_name", "name", "brand", "product_sn", "publish_season", "publish_year", "new_status", "sort", "sale", "price", "rating", "preview_pic", "unit", "weight", "keywords", "note", "delivery_type", "status") VALUES (70, 27, 'Coats', 'Faux Fur Jacket', '21win', '7e8aae6ff03d4265aec022843fb3166d', 'winter', 2021, 'f', NULL, NULL, 198, '4.8', '/assets/s2.png', '', NULL, NULL, NULL, NULL, 't');
INSERT INTO "product" ("id", "product_category_id", "product_category_name", "name", "brand", "product_sn", "publish_season", "publish_year", "new_status", "sort", "sale", "price", "rating", "preview_pic", "unit", "weight", "keywords", "note", "delivery_type", "status") VALUES (71, 27, 'Coats', 'Faux Fur Jacket', '21win', '8a9436f89b3742e1b397e5b51800663f', 'winter', 2021, 'f', NULL, NULL, 198, '4.8', '/assets/s3.png', '', NULL, NULL, NULL, NULL, 't');
INSERT INTO "product" ("id", "product_category_id", "product_category_name", "name", "brand", "product_sn", "publish_season", "publish_year", "new_status", "sort", "sale", "price", "rating", "preview_pic", "unit", "weight", "keywords", "note", "delivery_type", "status") VALUES (72, 27, 'Coats', 'Faux Fur Jacket', '21win', '92b81780d96a4eb993d91f02d2283acd', 'winter', 2021, 'f', NULL, NULL, 198, '4.8', '/assets/s4.png', '', NULL, NULL, NULL, NULL, 't');
INSERT INTO "product" ("id", "product_category_id", "product_category_name", "name", "brand", "product_sn", "publish_season", "publish_year", "new_status", "sort", "sale", "price", "rating", "preview_pic", "unit", "weight", "keywords", "note", "delivery_type", "status") VALUES (73, 27, 'Coats', 'Faux Fur Jacket', '21win', '20d184e3409e459aa1c83a720673fd88', 'winter', 2021, 'f', NULL, NULL, 198, '4.8', '/assets/s5.png', '', NULL, NULL, NULL, NULL, 't');
INSERT INTO "product" ("id", "product_category_id", "product_category_name", "name", "brand", "product_sn", "publish_season", "publish_year", "new_status", "sort", "sale", "price", "rating", "preview_pic", "unit", "weight", "keywords", "note", "delivery_type", "status") VALUES (74, 27, 'Coats', 'Faux Fur Jacket', '21win', 'de2f1ce83e4b42e7b100ae55da2df478', 'winter', 2021, 'f', NULL, NULL, 198, '4.8', '/assets/s6.png', '', NULL, NULL, NULL, NULL, 't');
INSERT INTO "product" ("id", "product_category_id", "product_category_name", "name", "brand", "product_sn", "publish_season", "publish_year", "new_status", "sort", "sale", "price", "rating", "preview_pic", "unit", "weight", "keywords", "note", "delivery_type", "status") VALUES (75, 27, 'Coats', 'Faux Fur Jacket', '21win', '8d253719114c4d769a3c222d3d4d44cc', 'winter', 2021, 'f', NULL, NULL, 198, '4.8', '/assets/s7.png', '', NULL, NULL, NULL, NULL, 't');
INSERT INTO "product" ("id", "product_category_id", "product_category_name", "name", "brand", "product_sn", "publish_season", "publish_year", "new_status", "sort", "sale", "price", "rating", "preview_pic", "unit", "weight", "keywords", "note", "delivery_type", "status") VALUES (76, 27, 'Coats', 'Faux Fur Jacket', '21win', 'c49048379755425cbb06099b5773da63', 'winter', 2021, 'f', NULL, NULL, 198, '4.8', '/assets/s8.png', '', NULL, NULL, NULL, NULL, 't');
INSERT INTO "product" ("id", "product_category_id", "product_category_name", "name", "brand", "product_sn", "publish_season", "publish_year", "new_status", "sort", "sale", "price", "rating", "preview_pic", "unit", "weight", "keywords", "note", "delivery_type", "status") VALUES (77, 27, 'Coats', 'Faux Fur Jacket', '21win', '59e65e1c17e043d4ac6408062cbe114c', 'winter', 2021, 'f', NULL, NULL, 198, '4.8', '/assets/s9.png', '', NULL, NULL, NULL, NULL, 't');
INSERT INTO "product" ("id", "product_category_id", "product_category_name", "name", "brand", "product_sn", "publish_season", "publish_year", "new_status", "sort", "sale", "price", "rating", "preview_pic", "unit", "weight", "keywords", "note", "delivery_type", "status") VALUES (65, 38, 'Jewelry', 'diamond ring', 'zara', '50579d85fcd843f99819b76e12048334', 'spring', 2021, 'f', NULL, NULL, 198, '4.8', '/assets/p33.png', '', NULL, NULL, NULL, NULL, 't');
INSERT INTO "product" ("id", "product_category_id", "product_category_name", "name", "brand", "product_sn", "publish_season", "publish_year", "new_status", "sort", "sale", "price", "rating", "preview_pic", "unit", "weight", "keywords", "note", "delivery_type", "status") VALUES (16, 4, 'Dresses', 'French Linen Godet Dress', 'zara', 'e4ef2167473346118e3208f487436b6b', 'spring', 2024, 't', NULL, NULL, 198, '4.8', '/assets/2-3.jpg', '', NULL, NULL, NULL, NULL, 't');
INSERT INTO "product" ("id", "product_category_id", "product_category_name", "name", "brand", "product_sn", "publish_season", "publish_year", "new_status", "sort", "sale", "price", "rating", "preview_pic", "unit", "weight", "keywords", "note", "delivery_type", "status") VALUES (45, 71, 'Shirt', 'Georgette Layered Shirt', 'MOHAN', '4c2b31ea1e2d4ba2951a0e0709c22b33', 'spring', 2021, 'f', NULL, NULL, 198, '4.8', '/assets/p0.png', '', NULL, NULL, NULL, NULL, 't');
INSERT INTO "product" ("id", "product_category_id", "product_category_name", "name", "brand", "product_sn", "publish_season", "publish_year", "new_status", "sort", "sale", "price", "rating", "preview_pic", "unit", "weight", "keywords", "note", "delivery_type", "status") VALUES (46, 71, 'Shirt', 'Georgette Layered Shirt', 'MOHAN', 'b5f0beaaf1bf429d9f935c9e2f15314d', 'spring', 2021, 'f', NULL, NULL, 198, '4.8', '/assets/p1.png', '', NULL, NULL, NULL, NULL, 't');
INSERT INTO "product" ("id", "product_category_id", "product_category_name", "name", "brand", "product_sn", "publish_season", "publish_year", "new_status", "sort", "sale", "price", "rating", "preview_pic", "unit", "weight", "keywords", "note", "delivery_type", "status") VALUES (78, 27, 'Coats', 'Faux Fur Jacket', '21win', '17d1cc9fd0874ad8a6d4fa374d2db25d', 'winter', 2021, 'f', NULL, NULL, 198, '4.8', '/assets/s10.png', '', NULL, NULL, NULL, NULL, 't');
INSERT INTO "product" ("id", "product_category_id", "product_category_name", "name", "brand", "product_sn", "publish_season", "publish_year", "new_status", "sort", "sale", "price", "rating", "preview_pic", "unit", "weight", "keywords", "note", "delivery_type", "status") VALUES (8, 4, 'Dresses', 'black dress', 'zara', '0858efe778fb4f4abdf5509d6bb76a2d', 'spring', 2024, 'f', NULL, NULL, 198, '4.8', '/assets/1-1.png', '', NULL, NULL, NULL, NULL, 't');
INSERT INTO "product" ("id", "product_category_id", "product_category_name", "name", "brand", "product_sn", "publish_season", "publish_year", "new_status", "sort", "sale", "price", "rating", "preview_pic", "unit", "weight", "keywords", "note", "delivery_type", "status") VALUES (9, 87, 'shoes', 'black shoes', 'zara', 'd3e3dbf339634b2096c677abbc43714e', 'spring', 2024, 'f', NULL, NULL, 198, '4.8', '/assets/1-2.png', '', NULL, NULL, NULL, NULL, 't');
INSERT INTO "product" ("id", "product_category_id", "product_category_name", "name", "brand", "product_sn", "publish_season", "publish_year", "new_status", "sort", "sale", "price", "rating", "preview_pic", "unit", "weight", "keywords", "note", "delivery_type", "status") VALUES (10, 38, 'Jewelry', 'golden ring', 'zara', '28be2b86480b4f6086f492cfd704ad21', 'spring', 2024, 'f', NULL, NULL, 198, '4.8', '/assets/1-3.png', '', NULL, NULL, NULL, NULL, 't');
INSERT INTO "product" ("id", "product_category_id", "product_category_name", "name", "brand", "product_sn", "publish_season", "publish_year", "new_status", "sort", "sale", "price", "rating", "preview_pic", "unit", "weight", "keywords", "note", "delivery_type", "status") VALUES (7, 4, 'Dresses', 'black dress', 'zara', '7525c0507f634437a9cb6a1161e86b19', 'spring', 2024, 't', NULL, NULL, 1986, '4.8', '/assets/1.png', '', NULL, NULL, NULL, NULL, 't');
COMMIT;

BEGIN;
INSERT INTO "product_detail_template" ("id", "type", "title", "detail") VALUES (1, '1', 'MATERIALS', 'We work with monitoring programmes to ensure compliance with safety, health and quality standards for our products. ');
INSERT INTO "product_detail_template" ("id", "type", "title", "detail") VALUES (2, '1', 'CARE', 'To keep your jackets and coats clean, you only need to freshen them up and go over them with a cloth or a clothes brush. If you need to dry clean a garment, look for a dry cleaner that uses technologies that are respectful of the environment.;Do not use bleach;Do not tumble dry;Dry clean with tetrachloroethylene;Iron at a maximum of 110ºC/230ºF');
INSERT INTO "product_detail_template" ("id", "type", "title", "detail") VALUES (3, '2', 'Free Flat Rate Shipping', '');
INSERT INTO "product_detail_template" ("id", "type", "title", "detail") VALUES (4, '3', 'COD Policy', 'cash on delivery');
INSERT INTO "product_detail_template" ("id", "type", "title", "detail") VALUES (5, '3', 'Return Policy', 'One week to support return and exchange');
INSERT INTO "product_detail_template" ("id", "type", "title", "detail") VALUES (6, '3', 'COD Policy', 'Installment payments are supported');
COMMIT;

BEGIN;
INSERT INTO "product_detail_template_relation" ("id", "category_id", "template_id", "sort") VALUES (1, 4, 1, 0);
INSERT INTO "product_detail_template_relation" ("id", "category_id", "template_id", "sort") VALUES (2, 4, 2, 1);
INSERT INTO "product_detail_template_relation" ("id", "category_id", "template_id", "sort") VALUES (3, 4, 3, 2);
INSERT INTO "product_detail_template_relation" ("id", "category_id", "template_id", "sort") VALUES (4, 4, 4, 3);
INSERT INTO "product_detail_template_relation" ("id", "category_id", "template_id", "sort") VALUES (5, 4, 5, 4);
INSERT INTO "product_detail_template_relation" ("id", "category_id", "template_id", "sort") VALUES (6, 27, 1, 0);
INSERT INTO "product_detail_template_relation" ("id", "category_id", "template_id", "sort") VALUES (7, 27, 2, 1);
INSERT INTO "product_detail_template_relation" ("id", "category_id", "template_id", "sort") VALUES (8, 27, 3, 2);
INSERT INTO "product_detail_template_relation" ("id", "category_id", "template_id", "sort") VALUES (9, 27, 4, 3);
INSERT INTO "product_detail_template_relation" ("id", "category_id", "template_id", "sort") VALUES (10, 27, 5, 4);
INSERT INTO "product_detail_template_relation" ("id", "category_id", "template_id", "sort") VALUES (11, 71, 1, 0);
INSERT INTO "product_detail_template_relation" ("id", "category_id", "template_id", "sort") VALUES (12, 71, 2, 1);
INSERT INTO "product_detail_template_relation" ("id", "category_id", "template_id", "sort") VALUES (13, 71, 3, 2);
INSERT INTO "product_detail_template_relation" ("id", "category_id", "template_id", "sort") VALUES (14, 71, 4, 3);
INSERT INTO "product_detail_template_relation" ("id", "category_id", "template_id", "sort") VALUES (15, 71, 5, 4);
INSERT INTO "product_detail_template_relation" ("id", "category_id", "template_id", "sort") VALUES (16, 38, 3, 0);
INSERT INTO "product_detail_template_relation" ("id", "category_id", "template_id", "sort") VALUES (17, 38, 6, 1);
INSERT INTO "product_detail_template_relation" ("id", "category_id", "template_id", "sort") VALUES (18, 38, 5, 2);
INSERT INTO "product_detail_template_relation" ("id", "category_id", "template_id", "sort") VALUES (19, 87, 3, 0);
INSERT INTO "product_detail_template_relation" ("id", "category_id", "template_id", "sort") VALUES (20, 87, 4, 1);
INSERT INTO "product_detail_template_relation" ("id", "category_id", "template_id", "sort") VALUES (21, 87, 5, 2);
COMMIT;

BEGIN;
INSERT INTO "product_attribute" ("id", "name", "sort", "status") VALUES (1, 'Color', 0, 't');
INSERT INTO "product_attribute" ("id", "name", "sort", "status") VALUES (2, 'Size', 1, 't');
INSERT INTO "product_attribute" ("id", "name", "sort", "status") VALUES (3, 'Ring Size', 3, 't');
COMMIT;

BEGIN;
INSERT INTO "product_attribute_value" ("id", "product_attribute_id", "value") VALUES (1, 1, 'black');
INSERT INTO "product_attribute_value" ("id", "product_attribute_id", "value") VALUES (2, 1, 'orange');
INSERT INTO "product_attribute_value" ("id", "product_attribute_id", "value") VALUES (3, 1, 'white');
INSERT INTO "product_attribute_value" ("id", "product_attribute_id", "value") VALUES (4, 2, 'S');
INSERT INTO "product_attribute_value" ("id", "product_attribute_id", "value") VALUES (5, 2, 'M');
INSERT INTO "product_attribute_value" ("id", "product_attribute_id", "value") VALUES (6, 2, 'L');
INSERT INTO "product_attribute_value" ("id", "product_attribute_id", "value") VALUES (7, 3, '6');
INSERT INTO "product_attribute_value" ("id", "product_attribute_id", "value") VALUES (8, 3, '8');
INSERT INTO "product_attribute_value" ("id", "product_attribute_id", "value") VALUES (9, 3, '9');
INSERT INTO "product_attribute_value" ("id", "product_attribute_id", "value") VALUES (10, 3, '10');
INSERT INTO "product_attribute_value" ("id", "product_attribute_id", "value") VALUES (11, 3, '11');
COMMIT;

BEGIN;
INSERT INTO "product_category_attribute_relation" ("id", "category_id", "attribute_id", "status") VALUES (1, 4, 1, 't');
INSERT INTO "product_category_attribute_relation" ("id", "category_id", "attribute_id", "status") VALUES (2, 4, 2, 't');
INSERT INTO "product_category_attribute_relation" ("id", "category_id", "attribute_id", "status") VALUES (3, 67, 1, 't');
INSERT INTO "product_category_attribute_relation" ("id", "category_id", "attribute_id", "status") VALUES (4, 67, 2, 't');
INSERT INTO "product_category_attribute_relation" ("id", "category_id", "attribute_id", "status") VALUES (5, 27, 1, 't');
INSERT INTO "product_category_attribute_relation" ("id", "category_id", "attribute_id", "status") VALUES (6, 27, 2, 't');
INSERT INTO "product_category_attribute_relation" ("id", "category_id", "attribute_id", "status") VALUES (7, 38, 3, 't');
INSERT INTO "product_category_attribute_relation" ("id", "category_id", "attribute_id", "status") VALUES (8, 71, 1, 't');
INSERT INTO "product_category_attribute_relation" ("id", "category_id", "attribute_id", "status") VALUES (9, 71, 2, 't');
COMMIT;

BEGIN;
INSERT INTO "product_category" ("id", "parent_id", "name", "level", "sort", "keywords", "description", "status") VALUES (1, 0, 'WOMEN', 0, 0, NULL, NULL, 't');
INSERT INTO "product_category" ("id", "parent_id", "name", "level", "sort", "keywords", "description", "status") VALUES (2, 0, 'MEN', 0, 1, NULL, NULL, 't');
INSERT INTO "product_category" ("id", "parent_id", "name", "level", "sort", "keywords", "description", "status") VALUES (3, 0, 'KIDS', 0, 2, NULL, NULL, 't');
INSERT INTO "product_category" ("id", "parent_id", "name", "level", "sort", "keywords", "description", "status") VALUES (4, 1, 'Dresses', 1, 0, NULL, NULL, 't');
INSERT INTO "product_category" ("id", "parent_id", "name", "level", "sort", "keywords", "description", "status") VALUES (5, 1, 'Tops', 1, 1, NULL, NULL, 't');
INSERT INTO "product_category" ("id", "parent_id", "name", "level", "sort", "keywords", "description", "status") VALUES (6, 1, 'Outerwear', 1, 2, NULL, NULL, 't');
INSERT INTO "product_category" ("id", "parent_id", "name", "level", "sort", "keywords", "description", "status") VALUES (82, 22, 'WeddingGuest', 3, 0, NULL, NULL, 't');
INSERT INTO "product_category" ("id", "parent_id", "name", "level", "sort", "keywords", "description", "status") VALUES (7, 1, 'Bottoms', 1, 3, NULL, NULL, 't');
INSERT INTO "product_category" ("id", "parent_id", "name", "level", "sort", "keywords", "description", "status") VALUES (8, 1, 'Skirts', 1, 4, NULL, NULL, 't');
INSERT INTO "product_category" ("id", "parent_id", "name", "level", "sort", "keywords", "description", "status") VALUES (9, 1, 'Accessories', 1, 5, NULL, NULL, 't');
INSERT INTO "product_category" ("id", "parent_id", "name", "level", "sort", "keywords", "description", "status") VALUES (10, 2, 'Tops', 1, 0, NULL, NULL, 't');
INSERT INTO "product_category" ("id", "parent_id", "name", "level", "sort", "keywords", "description", "status") VALUES (11, 2, 'Bottoms', 1, 1, NULL, NULL, 't');
INSERT INTO "product_category" ("id", "parent_id", "name", "level", "sort", "keywords", "description", "status") VALUES (12, 2, 'Sportswear', 1, 2, NULL, NULL, 't');
INSERT INTO "product_category" ("id", "parent_id", "name", "level", "sort", "keywords", "description", "status") VALUES (13, 2, 'FormalWear', 1, 3, NULL, NULL, 't');
INSERT INTO "product_category" ("id", "parent_id", "name", "level", "sort", "keywords", "description", "status") VALUES (14, 2, 'Accessories', 1, 4, NULL, NULL, 't');
INSERT INTO "product_category" ("id", "parent_id", "name", "level", "sort", "keywords", "description", "status") VALUES (15, 3, 'Girls', 1, 0, NULL, NULL, 't');
INSERT INTO "product_category" ("id", "parent_id", "name", "level", "sort", "keywords", "description", "status") VALUES (16, 3, 'Boys', 1, 1, NULL, NULL, 't');
INSERT INTO "product_category" ("id", "parent_id", "name", "level", "sort", "keywords", "description", "status") VALUES (17, 3, 'Infants', 1, 2, NULL, NULL, 't');
INSERT INTO "product_category" ("id", "parent_id", "name", "level", "sort", "keywords", "description", "status") VALUES (18, 3, 'Accessories', 1, 2, NULL, NULL, 't');
INSERT INTO "product_category" ("id", "parent_id", "name", "level", "sort", "keywords", "description", "status") VALUES (19, 4, 'CasualDresses', 2, 0, NULL, NULL, 't');
INSERT INTO "product_category" ("id", "parent_id", "name", "level", "sort", "keywords", "description", "status") VALUES (20, 4, 'FormalDresses', 2, 1, NULL, NULL, 't');
INSERT INTO "product_category" ("id", "parent_id", "name", "level", "sort", "keywords", "description", "status") VALUES (21, 4, 'SeasonalDresses', 2, 2, NULL, NULL, 't');
INSERT INTO "product_category" ("id", "parent_id", "name", "level", "sort", "keywords", "description", "status") VALUES (22, 4, 'OccasionDresses', 2, 3, NULL, NULL, 't');
INSERT INTO "product_category" ("id", "parent_id", "name", "level", "sort", "keywords", "description", "status") VALUES (23, 5, 'Blouses', 2, 0, NULL, NULL, 't');
INSERT INTO "product_category" ("id", "parent_id", "name", "level", "sort", "keywords", "description", "status") VALUES (24, 5, 'Shirts', 2, 1, NULL, NULL, 't');
INSERT INTO "product_category" ("id", "parent_id", "name", "level", "sort", "keywords", "description", "status") VALUES (25, 5, 'Sweaters', 2, 2, NULL, NULL, 't');
INSERT INTO "product_category" ("id", "parent_id", "name", "level", "sort", "keywords", "description", "status") VALUES (26, 5, 'TShirts', 2, 3, NULL, NULL, 't');
INSERT INTO "product_category" ("id", "parent_id", "name", "level", "sort", "keywords", "description", "status") VALUES (27, 6, 'Coats', 2, 0, NULL, NULL, 't');
INSERT INTO "product_category" ("id", "parent_id", "name", "level", "sort", "keywords", "description", "status") VALUES (28, 6, 'Jackets', 2, 1, NULL, NULL, 't');
INSERT INTO "product_category" ("id", "parent_id", "name", "level", "sort", "keywords", "description", "status") VALUES (29, 6, 'Vests', 2, 2, NULL, NULL, 't');
INSERT INTO "product_category" ("id", "parent_id", "name", "level", "sort", "keywords", "description", "status") VALUES (30, 7, 'Pants', 2, 0, NULL, NULL, 't');
INSERT INTO "product_category" ("id", "parent_id", "name", "level", "sort", "keywords", "description", "status") VALUES (31, 7, 'Jeans', 2, 1, NULL, NULL, 't');
INSERT INTO "product_category" ("id", "parent_id", "name", "level", "sort", "keywords", "description", "status") VALUES (32, 7, 'Shorts', 2, 2, NULL, NULL, 't');
INSERT INTO "product_category" ("id", "parent_id", "name", "level", "sort", "keywords", "description", "status") VALUES (33, 8, 'Casual', 2, 0, NULL, NULL, 't');
INSERT INTO "product_category" ("id", "parent_id", "name", "level", "sort", "keywords", "description", "status") VALUES (34, 8, 'Formal', 2, 1, NULL, NULL, 't');
INSERT INTO "product_category" ("id", "parent_id", "name", "level", "sort", "keywords", "description", "status") VALUES (35, 8, 'SpecialOccasion', 2, 2, NULL, NULL, 't');
INSERT INTO "product_category" ("id", "parent_id", "name", "level", "sort", "keywords", "description", "status") VALUES (36, 9, 'Scarves', 2, 0, NULL, NULL, 't');
INSERT INTO "product_category" ("id", "parent_id", "name", "level", "sort", "keywords", "description", "status") VALUES (37, 9, 'Belts', 2, 1, NULL, NULL, 't');
INSERT INTO "product_category" ("id", "parent_id", "name", "level", "sort", "keywords", "description", "status") VALUES (38, 9, 'Jewelry', 2, 2, NULL, NULL, 't');
INSERT INTO "product_category" ("id", "parent_id", "name", "level", "sort", "keywords", "description", "status") VALUES (39, 9, 'Hats', 2, 3, NULL, NULL, 't');
INSERT INTO "product_category" ("id", "parent_id", "name", "level", "sort", "keywords", "description", "status") VALUES (40, 10, 'TShirts', 2, 0, NULL, NULL, 't');
INSERT INTO "product_category" ("id", "parent_id", "name", "level", "sort", "keywords", "description", "status") VALUES (41, 10, 'Shirts', 2, 1, NULL, NULL, 't');
INSERT INTO "product_category" ("id", "parent_id", "name", "level", "sort", "keywords", "description", "status") VALUES (42, 10, 'Sweaters', 2, 2, NULL, NULL, 't');
INSERT INTO "product_category" ("id", "parent_id", "name", "level", "sort", "keywords", "description", "status") VALUES (43, 10, 'Outerwear', 2, 3, NULL, NULL, 't');
INSERT INTO "product_category" ("id", "parent_id", "name", "level", "sort", "keywords", "description", "status") VALUES (44, 11, 'Pants', 2, 0, NULL, NULL, 't');
INSERT INTO "product_category" ("id", "parent_id", "name", "level", "sort", "keywords", "description", "status") VALUES (45, 11, 'Shorts', 2, 1, NULL, NULL, 't');
INSERT INTO "product_category" ("id", "parent_id", "name", "level", "sort", "keywords", "description", "status") VALUES (46, 11, 'Jeans', 2, 2, NULL, NULL, 't');
INSERT INTO "product_category" ("id", "parent_id", "name", "level", "sort", "keywords", "description", "status") VALUES (47, 12, 'Tops', 2, 0, NULL, NULL, 't');
INSERT INTO "product_category" ("id", "parent_id", "name", "level", "sort", "keywords", "description", "status") VALUES (48, 12, 'Bottoms', 2, 1, NULL, NULL, 't');
INSERT INTO "product_category" ("id", "parent_id", "name", "level", "sort", "keywords", "description", "status") VALUES (49, 13, 'Suits', 2, 0, NULL, NULL, 't');
INSERT INTO "product_category" ("id", "parent_id", "name", "level", "sort", "keywords", "description", "status") VALUES (50, 13, 'DressShirts', 2, 1, NULL, NULL, 't');
INSERT INTO "product_category" ("id", "parent_id", "name", "level", "sort", "keywords", "description", "status") VALUES (51, 14, 'Ties', 2, 0, NULL, NULL, 't');
INSERT INTO "product_category" ("id", "parent_id", "name", "level", "sort", "keywords", "description", "status") VALUES (52, 14, 'Belts', 2, 1, NULL, NULL, 't');
INSERT INTO "product_category" ("id", "parent_id", "name", "level", "sort", "keywords", "description", "status") VALUES (53, 14, 'Hats', 2, 2, NULL, NULL, 't');
INSERT INTO "product_category" ("id", "parent_id", "name", "level", "sort", "keywords", "description", "status") VALUES (54, 15, 'Dresses', 2, 0, NULL, NULL, 't');
INSERT INTO "product_category" ("id", "parent_id", "name", "level", "sort", "keywords", "description", "status") VALUES (55, 15, 'Tops', 2, 1, NULL, NULL, 't');
INSERT INTO "product_category" ("id", "parent_id", "name", "level", "sort", "keywords", "description", "status") VALUES (56, 15, 'Bottoms', 2, 2, NULL, NULL, 't');
INSERT INTO "product_category" ("id", "parent_id", "name", "level", "sort", "keywords", "description", "status") VALUES (57, 15, 'Outerwear', 2, 3, NULL, NULL, 't');
INSERT INTO "product_category" ("id", "parent_id", "name", "level", "sort", "keywords", "description", "status") VALUES (58, 16, 'Tops', 2, 0, NULL, NULL, 't');
INSERT INTO "product_category" ("id", "parent_id", "name", "level", "sort", "keywords", "description", "status") VALUES (59, 16, 'Bottoms', 2, 1, NULL, NULL, 't');
INSERT INTO "product_category" ("id", "parent_id", "name", "level", "sort", "keywords", "description", "status") VALUES (60, 16, 'Outerwear', 2, 2, NULL, NULL, 't');
INSERT INTO "product_category" ("id", "parent_id", "name", "level", "sort", "keywords", "description", "status") VALUES (61, 17, 'Onesies', 2, 0, NULL, NULL, 't');
INSERT INTO "product_category" ("id", "parent_id", "name", "level", "sort", "keywords", "description", "status") VALUES (62, 17, 'Rompers', 2, 1, NULL, NULL, 't');
INSERT INTO "product_category" ("id", "parent_id", "name", "level", "sort", "keywords", "description", "status") VALUES (63, 17, 'Sleepwear', 2, 2, NULL, NULL, 't');
INSERT INTO "product_category" ("id", "parent_id", "name", "level", "sort", "keywords", "description", "status") VALUES (64, 18, 'Hats', 2, 0, NULL, NULL, 't');
INSERT INTO "product_category" ("id", "parent_id", "name", "level", "sort", "keywords", "description", "status") VALUES (65, 18, 'Scarves', 2, 1, NULL, NULL, 't');
INSERT INTO "product_category" ("id", "parent_id", "name", "level", "sort", "keywords", "description", "status") VALUES (66, 18, 'Belts', 2, 2, NULL, NULL, 't');
INSERT INTO "product_category" ("id", "parent_id", "name", "level", "sort", "keywords", "description", "status") VALUES (68, 19, 'Midi', 3, 1, NULL, NULL, 't');
INSERT INTO "product_category" ("id", "parent_id", "name", "level", "sort", "keywords", "description", "status") VALUES (69, 19, 'Maxi', 3, 2, NULL, NULL, 't');
INSERT INTO "product_category" ("id", "parent_id", "name", "level", "sort", "keywords", "description", "status") VALUES (70, 19, 'Sun', 3, 3, NULL, NULL, 't');
INSERT INTO "product_category" ("id", "parent_id", "name", "level", "sort", "keywords", "description", "status") VALUES (71, 19, 'Shirt', 3, 4, NULL, NULL, 't');
INSERT INTO "product_category" ("id", "parent_id", "name", "level", "sort", "keywords", "description", "status") VALUES (67, 19, 'Shift', 3, 0, NULL, NULL, 't');
INSERT INTO "product_category" ("id", "parent_id", "name", "level", "sort", "keywords", "description", "status") VALUES (73, 20, 'Cocktail', 3, 1, NULL, NULL, 't');
INSERT INTO "product_category" ("id", "parent_id", "name", "level", "sort", "keywords", "description", "status") VALUES (74, 20, 'Party', 3, 2, NULL, NULL, 't');
INSERT INTO "product_category" ("id", "parent_id", "name", "level", "sort", "keywords", "description", "status") VALUES (75, 20, 'LBD', 3, 3, NULL, NULL, 't');
INSERT INTO "product_category" ("id", "parent_id", "name", "level", "sort", "keywords", "description", "status") VALUES (76, 20, 'MotherOfTheBride', 3, 4, NULL, NULL, 't');
INSERT INTO "product_category" ("id", "parent_id", "name", "level", "sort", "keywords", "description", "status") VALUES (78, 21, 'Winter', 3, 1, NULL, NULL, 't');
INSERT INTO "product_category" ("id", "parent_id", "name", "level", "sort", "keywords", "description", "status") VALUES (72, 20, 'EveningGowns', 3, 0, NULL, NULL, 't');
INSERT INTO "product_category" ("id", "parent_id", "name", "level", "sort", "keywords", "description", "status") VALUES (77, 21, 'Summer', 3, 0, NULL, NULL, 't');
INSERT INTO "product_category" ("id", "parent_id", "name", "level", "sort", "keywords", "description", "status") VALUES (79, 21, 'Spring', 3, 2, NULL, NULL, 't');
INSERT INTO "product_category" ("id", "parent_id", "name", "level", "sort", "keywords", "description", "status") VALUES (80, 21, 'Fall', 3, 3, NULL, NULL, 't');
INSERT INTO "product_category" ("id", "parent_id", "name", "level", "sort", "keywords", "description", "status") VALUES (81, 21, 'Beach', 3, 4, NULL, NULL, 't');
INSERT INTO "product_category" ("id", "parent_id", "name", "level", "sort", "keywords", "description", "status") VALUES (83, 22, 'Prom', 3, 1, NULL, NULL, 't');
INSERT INTO "product_category" ("id", "parent_id", "name", "level", "sort", "keywords", "description", "status") VALUES (84, 22, 'Ceremony', 3, 2, NULL, NULL, 't');
INSERT INTO "product_category" ("id", "parent_id", "name", "level", "sort", "keywords", "description", "status") VALUES (85, 22, 'Graduation', 3, 3, NULL, NULL, 't');
INSERT INTO "product_category" ("id", "parent_id", "name", "level", "sort", "keywords", "description", "status") VALUES (86, 22, 'Bridal', 3, 4, NULL, NULL, 't');
INSERT INTO "product_category" ("id", "parent_id", "name", "level", "sort", "keywords", "description", "status") VALUES (87, 7, 'shoes', 2, 3, NULL, NULL, 't');
COMMIT;

BEGIN;
INSERT INTO "product_picture" ("id", "product_id", "type", "sort", "url", "status") VALUES (1, 7, 1, '1', '/assets/1-1.png', 't');
INSERT INTO "product_picture" ("id", "product_id", "type", "sort", "url", "status") VALUES (4, 14, 1, '1', '/assets/2-1.jpg', 't');
INSERT INTO "product_picture" ("id", "product_id", "type", "sort", "url", "status") VALUES (5, 14, 1, '2', '/assets/2-1-1.jpg', 't');
INSERT INTO "product_picture" ("id", "product_id", "type", "sort", "url", "status") VALUES (6, 14, 1, '3', '/assets/2-1-2.jpg', 't');
INSERT INTO "product_picture" ("id", "product_id", "type", "sort", "url", "status") VALUES (7, 14, 1, '4', '/assets/2-1-3.jpg', 't');
INSERT INTO "product_picture" ("id", "product_id", "type", "sort", "url", "status") VALUES (9, 15, 1, '1', '/assets/2-2-1.jpg', 't');
INSERT INTO "product_picture" ("id", "product_id", "type", "sort", "url", "status") VALUES (10, 15, 1, '2', '/assets/2-2-2.jpg', 't');
INSERT INTO "product_picture" ("id", "product_id", "type", "sort", "url", "status") VALUES (11, 15, 1, '3', '/assets/2-2-3.jpg', 't');
INSERT INTO "product_picture" ("id", "product_id", "type", "sort", "url", "status") VALUES (13, 16, 1, '1', '/assets/2-3-1.jpg', 't');
INSERT INTO "product_picture" ("id", "product_id", "type", "sort", "url", "status") VALUES (14, 16, 1, '2', '/assets/2-3-2.jpg', 't');
INSERT INTO "product_picture" ("id", "product_id", "type", "sort", "url", "status") VALUES (15, 16, 1, '3', '/assets/2-3-3.jpg', 't');
INSERT INTO "product_picture" ("id", "product_id", "type", "sort", "url", "status") VALUES (16, 16, 1, '4', '/assets/2-3-4.jpg', 't');
INSERT INTO "product_picture" ("id", "product_id", "type", "sort", "url", "status") VALUES (17, 16, 1, '5', '/assets/2-3-5.jpg', 't');
INSERT INTO "product_picture" ("id", "product_id", "type", "sort", "url", "status") VALUES (18, 16, 1, '6', '/assets/2-3-6.jpg', 't');
INSERT INTO "product_picture" ("id", "product_id", "type", "sort", "url", "status") VALUES (19, 16, 1, '7', '/assets/2-3-7.jpg', 't');
INSERT INTO "product_picture" ("id", "product_id", "type", "sort", "url", "status") VALUES (20, 16, 1, '8', '/assets/2-3-8.jpg', 't');
INSERT INTO "product_picture" ("id", "product_id", "type", "sort", "url", "status") VALUES (21, 16, 1, '9', '/assets/2-3-9.jpg', 't');
INSERT INTO "product_picture" ("id", "product_id", "type", "sort", "url", "status") VALUES (22, 16, 1, '10', '/assets/2-3-10.jpg', 't');
INSERT INTO "product_picture" ("id", "product_id", "type", "sort", "url", "status") VALUES (23, 12, 2, '0', '/assets/p30.png', 't');
INSERT INTO "product_picture" ("id", "product_id", "type", "sort", "url", "status") VALUES (24, 12, 2, '1', '/assets/p31.png', 't');
INSERT INTO "product_picture" ("id", "product_id", "type", "sort", "url", "status") VALUES (25, 12, 2, '2', '/assets/p32.png', 't');
INSERT INTO "product_picture" ("id", "product_id", "type", "sort", "url", "status") VALUES (26, 12, 2, '3', '/assets/p33.png', 't');
INSERT INTO "product_picture" ("id", "product_id", "type", "sort", "url", "status") VALUES (27, 12, 3, '0', '/assets/p20.png', 't');
INSERT INTO "product_picture" ("id", "product_id", "type", "sort", "url", "status") VALUES (28, 12, 3, '1', '/assets/p21.png', 't');
INSERT INTO "product_picture" ("id", "product_id", "type", "sort", "url", "status") VALUES (29, 12, 3, '2', '/assets/p22.png', 't');
COMMIT;

BEGIN;
INSERT INTO product_recommend ("id", "product_id", "product_name", "sort", "status") VALUES (1, 14, 'Lace Stitch Knit Dress', 1, 't');
INSERT INTO product_recommend ("id", "product_id", "product_name", "sort", "status") VALUES (2, 15, 'Gather Sleeve Midi Dress', 2, 't');
INSERT INTO product_recommend ("id", "product_id", "product_name", "sort", "status") VALUES (3, 16, 'French Linen Godet Dress', 3, 't');
COMMIT;

BEGIN;
INSERT INTO "public"."product_sku" ( "product_id", "sku_code", "price", "stock", "low_stock", "sale", "pic", "lock_stock", "attr_json", "status") VALUES ( 14, 'ced2d369-b996-4f45-9090-038626018ff8', 198, NULL, NULL, NULL, NULL, NULL, '[{"name":"Color", "value":"black","id":1},	{"name":"Size","value":"M","id":4}]', 't');
INSERT INTO "public"."product_sku" ( "product_id", "sku_code", "price", "stock", "low_stock", "sale", "pic", "lock_stock", "attr_json", "status") VALUES ( 14, '6a822f3a-ccd3-4390-bd2c-1f77c5042f42', 198, NULL, NULL, NULL, NULL, NULL, '[{"name":"Color", "value":"black","id":1},	{"name":"Size","value":"L","id":4}]', 't');
INSERT INTO "public"."product_sku" ( "product_id", "sku_code", "price", "stock", "low_stock", "sale", "pic", "lock_stock", "attr_json", "status") VALUES ( 14, 'ae5ca40b-15af-4340-945d-22e247850123', 198, NULL, NULL, NULL, NULL, NULL, '[{"name":"Color", "value":"orange","id":2},	{"name":"Size","value":"S","id":5}]', 't');
INSERT INTO "public"."product_sku" ( "product_id", "sku_code", "price", "stock", "low_stock", "sale", "pic", "lock_stock", "attr_json", "status") VALUES ( 14, '5b80efa5-24c3-461b-87ac-59a73f7dfd12', 198, NULL, NULL, NULL, NULL, NULL, '[{"name":"Color", "value":"orange","id":2},	{"name":"Size","value":"M","id":5}]', 't');
INSERT INTO "public"."product_sku" ( "product_id", "sku_code", "price", "stock", "low_stock", "sale", "pic", "lock_stock", "attr_json", "status") VALUES ( 14, '12de2314-fd23-40ad-aead-07a660fa42c5', 198, NULL, NULL, NULL, NULL, NULL, '[{"name":"Color", "value":"orange","id":2},	{"name":"Size","value":"L","id":5}]', 't');
INSERT INTO "public"."product_sku" ( "product_id", "sku_code", "price", "stock", "low_stock", "sale", "pic", "lock_stock", "attr_json", "status") VALUES ( 14, 'b51f9d3b-6ef3-4a0b-b7fe-449ea693d17a', 198, NULL, NULL, NULL, NULL, NULL, '[{"name":"Color", "value":"white","id":3},	{"name":"Size","value":"S","id":6}]', 't');
INSERT INTO "public"."product_sku" ( "product_id", "sku_code", "price", "stock", "low_stock", "sale", "pic", "lock_stock", "attr_json", "status") VALUES ( 14, 'cc46d9f2-db02-44b5-b547-f943bfc89430', 198, NULL, NULL, NULL, NULL, NULL, '[{"name":"Color", "value":"white","id":3},	{"name":"Size","value":"M","id":6}]', 't');
INSERT INTO "public"."product_sku" ( "product_id", "sku_code", "price", "stock", "low_stock", "sale", "pic", "lock_stock", "attr_json", "status") VALUES ( 14, '613dad29-0855-4871-b3ed-4649513bbe98', 198, NULL, NULL, NULL, NULL, NULL, '[{"name":"Color", "value":"white","id":3},	{"name":"Size","value":"L","id":6}]', 't');
INSERT INTO "public"."product_sku" ( "product_id", "sku_code", "price", "stock", "low_stock", "sale", "pic", "lock_stock", "attr_json", "status") VALUES ( 14, 'ecf6d1d7-61e1-4d17-a36f-20dfde8881f0', 198, NULL, NULL, NULL, NULL, NULL, '[{"name":"Color", "value":"black","id":1},	{"name":"Size","value":"S","id":4}]', 't');
INSERT INTO "public"."product_sku" ( "product_id", "sku_code", "price", "stock", "low_stock", "sale", "pic", "lock_stock", "attr_json", "status") VALUES ( 15, '55d49b68-0877-4212-a1ac-e1d47e078c7e', 198, NULL, NULL, NULL, NULL, NULL, '[{"name":"Color", "value":"black","id":1},	{"name":"Size","value":"M","id":4}]', 't');
INSERT INTO "public"."product_sku" ( "product_id", "sku_code", "price", "stock", "low_stock", "sale", "pic", "lock_stock", "attr_json", "status") VALUES ( 15, '050e25d8-e7e7-4037-bf42-c96836a223ae', 198, NULL, NULL, NULL, NULL, NULL, '[{"name":"Color", "value":"black","id":1},	{"name":"Size","value":"L","id":4}]', 't');
INSERT INTO "public"."product_sku" ( "product_id", "sku_code", "price", "stock", "low_stock", "sale", "pic", "lock_stock", "attr_json", "status") VALUES ( 15, 'ea097c03-3c0e-4d91-9776-90aa53f9c6c3', 198, NULL, NULL, NULL, NULL, NULL, '[{"name":"Color", "value":"orange","id":2},	{"name":"Size","value":"S","id":5}]', 't');
INSERT INTO "public"."product_sku" ( "product_id", "sku_code", "price", "stock", "low_stock", "sale", "pic", "lock_stock", "attr_json", "status") VALUES ( 15, '8a4a7b0e-f02f-4b72-bf46-4a2c355e4546', 198, NULL, NULL, NULL, NULL, NULL, '[{"name":"Color", "value":"orange","id":2},	{"name":"Size","value":"M","id":5}]', 't');
INSERT INTO "public"."product_sku" ( "product_id", "sku_code", "price", "stock", "low_stock", "sale", "pic", "lock_stock", "attr_json", "status") VALUES ( 15, '97b9d68f-167a-4ab1-9f1a-ad2f2299e3c9', 198, NULL, NULL, NULL, NULL, NULL, '[{"name":"Color", "value":"orange","id":2},	{"name":"Size","value":"L","id":5}]', 't');
INSERT INTO "public"."product_sku" ( "product_id", "sku_code", "price", "stock", "low_stock", "sale", "pic", "lock_stock", "attr_json", "status") VALUES ( 15, 'b73902ec-de6a-4568-99b1-df7a4d0ea03e', 198, NULL, NULL, NULL, NULL, NULL, '[{"name":"Color", "value":"white","id":3},	{"name":"Size","value":"S","id":6}]', 't');
INSERT INTO "public"."product_sku" ( "product_id", "sku_code", "price", "stock", "low_stock", "sale", "pic", "lock_stock", "attr_json", "status") VALUES ( 15, '5f4e7e8f-82c7-4aa4-910e-bff80eff2022', 198, NULL, NULL, NULL, NULL, NULL, '[{"name":"Color", "value":"white","id":3},	{"name":"Size","value":"M","id":6}]', 't');
INSERT INTO "public"."product_sku" ( "product_id", "sku_code", "price", "stock", "low_stock", "sale", "pic", "lock_stock", "attr_json", "status") VALUES ( 15, '12ea41f9-dae0-45f8-b1b1-646224ed7966', 198, NULL, NULL, NULL, NULL, NULL, '[{"name":"Color", "value":"white","id":3},	{"name":"Size","value":"L","id":6}]', 't');
INSERT INTO "public"."product_sku" ( "product_id", "sku_code", "price", "stock", "low_stock", "sale", "pic", "lock_stock", "attr_json", "status") VALUES ( 15, '231ffffe-7be9-4da2-8246-c59873487ea6', 198, NULL, NULL, NULL, NULL, NULL, '[{"name":"Color", "value":"black","id":1},	{"name":"Size","value":"S","id":4}]', 't');
INSERT INTO "public"."product_sku" ( "product_id", "sku_code", "price", "stock", "low_stock", "sale", "pic", "lock_stock", "attr_json", "status") VALUES ( 69, 'd206de2f-f4b3-45ab-aa85-e1891f06388a', 198, NULL, NULL, NULL, NULL, NULL, '[{"name":"Color", "value":"black","id":1},	{"name":"Size","value":"M","id":4}]', 't');
INSERT INTO "public"."product_sku" ( "product_id", "sku_code", "price", "stock", "low_stock", "sale", "pic", "lock_stock", "attr_json", "status") VALUES ( 69, '7363cb4b-b7a0-4e57-a1a2-e4c53bd61a00', 198, NULL, NULL, NULL, NULL, NULL, '[{"name":"Color", "value":"black","id":1},	{"name":"Size","value":"L","id":4}]', 't');
INSERT INTO "public"."product_sku" ( "product_id", "sku_code", "price", "stock", "low_stock", "sale", "pic", "lock_stock", "attr_json", "status") VALUES ( 69, 'dd056480-85af-442e-a6b0-9f2373f6e22e', 198, NULL, NULL, NULL, NULL, NULL, '[{"name":"Color", "value":"orange","id":2},	{"name":"Size","value":"S","id":5}]', 't');
INSERT INTO "public"."product_sku" ( "product_id", "sku_code", "price", "stock", "low_stock", "sale", "pic", "lock_stock", "attr_json", "status") VALUES ( 69, '36d4f4cb-8d6f-4e9d-877b-4a8f738abf73', 198, NULL, NULL, NULL, NULL, NULL, '[{"name":"Color", "value":"orange","id":2},	{"name":"Size","value":"M","id":5}]', 't');
INSERT INTO "public"."product_sku" ( "product_id", "sku_code", "price", "stock", "low_stock", "sale", "pic", "lock_stock", "attr_json", "status") VALUES ( 69, 'dbd13ace-0faa-452f-b096-87c8b32d79bc', 198, NULL, NULL, NULL, NULL, NULL, '[{"name":"Color", "value":"orange","id":2},	{"name":"Size","value":"L","id":5}]', 't');
INSERT INTO "public"."product_sku" ( "product_id", "sku_code", "price", "stock", "low_stock", "sale", "pic", "lock_stock", "attr_json", "status") VALUES ( 69, 'd6a4ae0b-1064-4734-9acc-8b663eb2c4f4', 198, NULL, NULL, NULL, NULL, NULL, '[{"name":"Color", "value":"white","id":3},	{"name":"Size","value":"S","id":6}]', 't');
INSERT INTO "public"."product_sku" ( "product_id", "sku_code", "price", "stock", "low_stock", "sale", "pic", "lock_stock", "attr_json", "status") VALUES ( 69, '915e67e2-d9a2-4915-b04b-75c4f10e6bb6', 198, NULL, NULL, NULL, NULL, NULL, '[{"name":"Color", "value":"white","id":3},	{"name":"Size","value":"M","id":6}]', 't');
INSERT INTO "public"."product_sku" ( "product_id", "sku_code", "price", "stock", "low_stock", "sale", "pic", "lock_stock", "attr_json", "status") VALUES ( 69, 'b12f5033-820b-4454-a58a-1727dfd61c18', 198, NULL, NULL, NULL, NULL, NULL, '[{"name":"Color", "value":"white","id":3},	{"name":"Size","value":"L","id":6}]', 't');
INSERT INTO "public"."product_sku" ( "product_id", "sku_code", "price", "stock", "low_stock", "sale", "pic", "lock_stock", "attr_json", "status") VALUES ( 69, '0fa120c8-1db9-4318-b5de-935abdcbd6ee', 198, NULL, NULL, NULL, NULL, NULL, '[{"name":"Color", "value":"black","id":1},	{"name":"Size","value":"S","id":4}]', 't');
INSERT INTO "public"."product_sku" ( "product_id", "sku_code", "price", "stock", "low_stock", "sale", "pic", "lock_stock", "attr_json", "status") VALUES ( 70, 'f2dda3a2-11b5-44d0-8aac-bf2921c0fc0b', 198, NULL, NULL, NULL, NULL, NULL, '[{"name":"Color", "value":"black","id":1},	{"name":"Size","value":"M","id":4}]', 't');
INSERT INTO "public"."product_sku" ( "product_id", "sku_code", "price", "stock", "low_stock", "sale", "pic", "lock_stock", "attr_json", "status") VALUES ( 70, 'ceef7639-fd3b-4230-bb76-7f12a62f0f10', 198, NULL, NULL, NULL, NULL, NULL, '[{"name":"Color", "value":"black","id":1},	{"name":"Size","value":"L","id":4}]', 't');
INSERT INTO "public"."product_sku" ( "product_id", "sku_code", "price", "stock", "low_stock", "sale", "pic", "lock_stock", "attr_json", "status") VALUES ( 70, 'aa50cf4e-bf4c-4a15-9120-2a33e6d76c1c', 198, NULL, NULL, NULL, NULL, NULL, '[{"name":"Color", "value":"orange","id":2},	{"name":"Size","value":"S","id":5}]', 't');
INSERT INTO "public"."product_sku" ( "product_id", "sku_code", "price", "stock", "low_stock", "sale", "pic", "lock_stock", "attr_json", "status") VALUES ( 70, '54a76175-3a36-4dc4-8ece-509513e39799', 198, NULL, NULL, NULL, NULL, NULL, '[{"name":"Color", "value":"orange","id":2},	{"name":"Size","value":"M","id":5}]', 't');
INSERT INTO "public"."product_sku" ( "product_id", "sku_code", "price", "stock", "low_stock", "sale", "pic", "lock_stock", "attr_json", "status") VALUES ( 70, '30504aba-efe2-46f3-95fd-e88ce6b97a6b', 198, NULL, NULL, NULL, NULL, NULL, '[{"name":"Color", "value":"orange","id":2},	{"name":"Size","value":"L","id":5}]', 't');
INSERT INTO "public"."product_sku" ( "product_id", "sku_code", "price", "stock", "low_stock", "sale", "pic", "lock_stock", "attr_json", "status") VALUES ( 70, 'a89831b9-9da4-4d4e-8c15-3f1b4109d879', 198, NULL, NULL, NULL, NULL, NULL, '[{"name":"Color", "value":"white","id":3},	{"name":"Size","value":"S","id":6}]', 't');
INSERT INTO "public"."product_sku" ( "product_id", "sku_code", "price", "stock", "low_stock", "sale", "pic", "lock_stock", "attr_json", "status") VALUES ( 70, '5c57224a-33d7-402b-a6cd-da3ebdf64823', 198, NULL, NULL, NULL, NULL, NULL, '[{"name":"Color", "value":"white","id":3},	{"name":"Size","value":"M","id":6}]', 't');
INSERT INTO "public"."product_sku" ( "product_id", "sku_code", "price", "stock", "low_stock", "sale", "pic", "lock_stock", "attr_json", "status") VALUES ( 70, 'f1b141a1-51de-4daf-9ea7-fe93b11ab9d7', 198, NULL, NULL, NULL, NULL, NULL, '[{"name":"Color", "value":"white","id":3},	{"name":"Size","value":"L","id":6}]', 't');
INSERT INTO "public"."product_sku" ( "product_id", "sku_code", "price", "stock", "low_stock", "sale", "pic", "lock_stock", "attr_json", "status") VALUES ( 70, 'f0a8318b-c130-4069-8e0d-f720fa37c452', 198, NULL, NULL, NULL, NULL, NULL, '[{"name":"Color", "value":"black","id":1},	{"name":"Size","value":"S","id":4}]', 't');
INSERT INTO "public"."product_sku" ( "product_id", "sku_code", "price", "stock", "low_stock", "sale", "pic", "lock_stock", "attr_json", "status") VALUES ( 71, '1516c868-5a79-4b8b-8e8c-2fa2393f60a0', 198, NULL, NULL, NULL, NULL, NULL, '[{"name":"Color", "value":"black","id":1},	{"name":"Size","value":"M","id":4}]', 't');
INSERT INTO "public"."product_sku" ( "product_id", "sku_code", "price", "stock", "low_stock", "sale", "pic", "lock_stock", "attr_json", "status") VALUES ( 71, '07a9af24-7841-48bd-8b13-bdd4e79f3f6e', 198, NULL, NULL, NULL, NULL, NULL, '[{"name":"Color", "value":"black","id":1},	{"name":"Size","value":"L","id":4}]', 't');
INSERT INTO "public"."product_sku" ( "product_id", "sku_code", "price", "stock", "low_stock", "sale", "pic", "lock_stock", "attr_json", "status") VALUES ( 71, '7fa6feb6-7085-4c4e-9920-8caabc4f3e46', 198, NULL, NULL, NULL, NULL, NULL, '[{"name":"Color", "value":"orange","id":2},	{"name":"Size","value":"S","id":5}]', 't');
INSERT INTO "public"."product_sku" ( "product_id", "sku_code", "price", "stock", "low_stock", "sale", "pic", "lock_stock", "attr_json", "status") VALUES ( 71, 'a2b77f2a-75c3-4a91-9cb9-ca3d2c44dbd0', 198, NULL, NULL, NULL, NULL, NULL, '[{"name":"Color", "value":"orange","id":2},	{"name":"Size","value":"M","id":5}]', 't');
INSERT INTO "public"."product_sku" ( "product_id", "sku_code", "price", "stock", "low_stock", "sale", "pic", "lock_stock", "attr_json", "status") VALUES ( 71, 'c59c30a5-e9df-407d-9b2e-57ea2bc78518', 198, NULL, NULL, NULL, NULL, NULL, '[{"name":"Color", "value":"orange","id":2},	{"name":"Size","value":"L","id":5}]', 't');
INSERT INTO "public"."product_sku" ( "product_id", "sku_code", "price", "stock", "low_stock", "sale", "pic", "lock_stock", "attr_json", "status") VALUES ( 71, '9e220b68-f0a9-46f5-9d57-843cb1e0c7a3', 198, NULL, NULL, NULL, NULL, NULL, '[{"name":"Color", "value":"white","id":3},	{"name":"Size","value":"S","id":6}]', 't');
INSERT INTO "public"."product_sku" ( "product_id", "sku_code", "price", "stock", "low_stock", "sale", "pic", "lock_stock", "attr_json", "status") VALUES ( 71, '92b843c9-9085-4fa6-9c3f-d620fe8fca95', 198, NULL, NULL, NULL, NULL, NULL, '[{"name":"Color", "value":"white","id":3},	{"name":"Size","value":"M","id":6}]', 't');
INSERT INTO "public"."product_sku" ( "product_id", "sku_code", "price", "stock", "low_stock", "sale", "pic", "lock_stock", "attr_json", "status") VALUES ( 71, '6c61d120-ceb0-4892-9107-1fa10da4d14b', 198, NULL, NULL, NULL, NULL, NULL, '[{"name":"Color", "value":"white","id":3},	{"name":"Size","value":"L","id":6}]', 't');
INSERT INTO "public"."product_sku" ( "product_id", "sku_code", "price", "stock", "low_stock", "sale", "pic", "lock_stock", "attr_json", "status") VALUES ( 71, '526802d4-8697-4d49-b4d7-0861eb49a642', 198, NULL, NULL, NULL, NULL, NULL, '[{"name":"Color", "value":"black","id":1},	{"name":"Size","value":"S","id":4}]', 't');
INSERT INTO "public"."product_sku" ( "product_id", "sku_code", "price", "stock", "low_stock", "sale", "pic", "lock_stock", "attr_json", "status") VALUES ( 72, 'b05e5863-64c3-43d7-8244-e961f0e12623', 198, NULL, NULL, NULL, NULL, NULL, '[{"name":"Color", "value":"black","id":1},	{"name":"Size","value":"M","id":4}]', 't');
INSERT INTO "public"."product_sku" ( "product_id", "sku_code", "price", "stock", "low_stock", "sale", "pic", "lock_stock", "attr_json", "status") VALUES ( 72, 'f8f1daa9-62f3-49ea-97d8-5e6eb852b03d', 198, NULL, NULL, NULL, NULL, NULL, '[{"name":"Color", "value":"black","id":1},	{"name":"Size","value":"L","id":4}]', 't');
INSERT INTO "public"."product_sku" ( "product_id", "sku_code", "price", "stock", "low_stock", "sale", "pic", "lock_stock", "attr_json", "status") VALUES ( 72, '16168ce2-1b26-453a-9761-a8b92d18ee85', 198, NULL, NULL, NULL, NULL, NULL, '[{"name":"Color", "value":"orange","id":2},	{"name":"Size","value":"S","id":5}]', 't');
INSERT INTO "public"."product_sku" ( "product_id", "sku_code", "price", "stock", "low_stock", "sale", "pic", "lock_stock", "attr_json", "status") VALUES ( 72, '1c470080-30c6-45af-9f57-e605d0c48e79', 198, NULL, NULL, NULL, NULL, NULL, '[{"name":"Color", "value":"orange","id":2},	{"name":"Size","value":"M","id":5}]', 't');
INSERT INTO "public"."product_sku" ( "product_id", "sku_code", "price", "stock", "low_stock", "sale", "pic", "lock_stock", "attr_json", "status") VALUES ( 72, 'f0f35d49-b11c-465a-8d18-8014879ad66a', 198, NULL, NULL, NULL, NULL, NULL, '[{"name":"Color", "value":"orange","id":2},	{"name":"Size","value":"L","id":5}]', 't');
INSERT INTO "public"."product_sku" ( "product_id", "sku_code", "price", "stock", "low_stock", "sale", "pic", "lock_stock", "attr_json", "status") VALUES ( 72, '44bdb621-f548-40c5-a74c-0936d3fd8bf7', 198, NULL, NULL, NULL, NULL, NULL, '[{"name":"Color", "value":"white","id":3},	{"name":"Size","value":"S","id":6}]', 't');
INSERT INTO "public"."product_sku" ( "product_id", "sku_code", "price", "stock", "low_stock", "sale", "pic", "lock_stock", "attr_json", "status") VALUES ( 72, '17f68f63-ff1e-40d0-91fe-52c7a0a3f902', 198, NULL, NULL, NULL, NULL, NULL, '[{"name":"Color", "value":"white","id":3},	{"name":"Size","value":"M","id":6}]', 't');
INSERT INTO "public"."product_sku" ( "product_id", "sku_code", "price", "stock", "low_stock", "sale", "pic", "lock_stock", "attr_json", "status") VALUES ( 72, '62b15d72-413a-4155-afbf-a7c109bf1335', 198, NULL, NULL, NULL, NULL, NULL, '[{"name":"Color", "value":"white","id":3},	{"name":"Size","value":"L","id":6}]', 't');
INSERT INTO "public"."product_sku" ( "product_id", "sku_code", "price", "stock", "low_stock", "sale", "pic", "lock_stock", "attr_json", "status") VALUES ( 72, 'df9d37e2-3eab-47e6-9ec3-7262082396f5', 198, NULL, NULL, NULL, NULL, NULL, '[{"name":"Color", "value":"black","id":1},	{"name":"Size","value":"S","id":4}]', 't');
INSERT INTO "public"."product_sku" ( "product_id", "sku_code", "price", "stock", "low_stock", "sale", "pic", "lock_stock", "attr_json", "status") VALUES ( 73, 'a694200c-0ca2-461c-887a-de257608fe6a', 198, NULL, NULL, NULL, NULL, NULL, '[{"name":"Color", "value":"black","id":1},	{"name":"Size","value":"M","id":4}]', 't');
INSERT INTO "public"."product_sku" ( "product_id", "sku_code", "price", "stock", "low_stock", "sale", "pic", "lock_stock", "attr_json", "status") VALUES ( 73, 'd95a211b-b133-48e9-a102-e8ea02edfdd5', 198, NULL, NULL, NULL, NULL, NULL, '[{"name":"Color", "value":"black","id":1},	{"name":"Size","value":"L","id":4}]', 't');
INSERT INTO "public"."product_sku" ( "product_id", "sku_code", "price", "stock", "low_stock", "sale", "pic", "lock_stock", "attr_json", "status") VALUES ( 73, '8edbddcb-95da-4b8b-aa54-dd1bee6e0f10', 198, NULL, NULL, NULL, NULL, NULL, '[{"name":"Color", "value":"orange","id":2},	{"name":"Size","value":"S","id":5}]', 't');
INSERT INTO "public"."product_sku" ( "product_id", "sku_code", "price", "stock", "low_stock", "sale", "pic", "lock_stock", "attr_json", "status") VALUES ( 73, 'a0d11ac7-0a25-4562-a069-aa60e9b54171', 198, NULL, NULL, NULL, NULL, NULL, '[{"name":"Color", "value":"orange","id":2},	{"name":"Size","value":"M","id":5}]', 't');
INSERT INTO "public"."product_sku" ( "product_id", "sku_code", "price", "stock", "low_stock", "sale", "pic", "lock_stock", "attr_json", "status") VALUES ( 73, '40ed17bc-6b57-4fb9-98ae-388612a2a2db', 198, NULL, NULL, NULL, NULL, NULL, '[{"name":"Color", "value":"orange","id":2},	{"name":"Size","value":"L","id":5}]', 't');
INSERT INTO "public"."product_sku" ( "product_id", "sku_code", "price", "stock", "low_stock", "sale", "pic", "lock_stock", "attr_json", "status") VALUES ( 73, 'd3aa58a6-7fea-4ccc-b3eb-1327acf83835', 198, NULL, NULL, NULL, NULL, NULL, '[{"name":"Color", "value":"white","id":3},	{"name":"Size","value":"S","id":6}]', 't');
INSERT INTO "public"."product_sku" ( "product_id", "sku_code", "price", "stock", "low_stock", "sale", "pic", "lock_stock", "attr_json", "status") VALUES ( 73, '27814371-80a3-4675-9483-a60782181e0f', 198, NULL, NULL, NULL, NULL, NULL, '[{"name":"Color", "value":"white","id":3},	{"name":"Size","value":"M","id":6}]', 't');
INSERT INTO "public"."product_sku" ( "product_id", "sku_code", "price", "stock", "low_stock", "sale", "pic", "lock_stock", "attr_json", "status") VALUES ( 73, '677e48d1-c5fc-4b40-8414-49a70fab73df', 198, NULL, NULL, NULL, NULL, NULL, '[{"name":"Color", "value":"white","id":3},	{"name":"Size","value":"L","id":6}]', 't');
INSERT INTO "public"."product_sku" ( "product_id", "sku_code", "price", "stock", "low_stock", "sale", "pic", "lock_stock", "attr_json", "status") VALUES ( 73, 'ac394798-cb5c-4377-84a7-03916a0ebd94', 198, NULL, NULL, NULL, NULL, NULL, '[{"name":"Color", "value":"black","id":1},	{"name":"Size","value":"S","id":4}]', 't');
INSERT INTO "public"."product_sku" ( "product_id", "sku_code", "price", "stock", "low_stock", "sale", "pic", "lock_stock", "attr_json", "status") VALUES ( 74, 'a17bd458-1fd5-430e-8f8a-0948cc1e19c6', 198, NULL, NULL, NULL, NULL, NULL, '[{"name":"Color", "value":"black","id":1},	{"name":"Size","value":"M","id":4}]', 't');
INSERT INTO "public"."product_sku" ( "product_id", "sku_code", "price", "stock", "low_stock", "sale", "pic", "lock_stock", "attr_json", "status") VALUES ( 74, '2d0c5e94-c4d4-4e88-88a0-2fcea0787ab1', 198, NULL, NULL, NULL, NULL, NULL, '[{"name":"Color", "value":"black","id":1},	{"name":"Size","value":"L","id":4}]', 't');
INSERT INTO "public"."product_sku" ( "product_id", "sku_code", "price", "stock", "low_stock", "sale", "pic", "lock_stock", "attr_json", "status") VALUES ( 74, '09b5e285-f0af-4290-8309-3cbc23bc44ea', 198, NULL, NULL, NULL, NULL, NULL, '[{"name":"Color", "value":"orange","id":2},	{"name":"Size","value":"S","id":5}]', 't');
INSERT INTO "public"."product_sku" ( "product_id", "sku_code", "price", "stock", "low_stock", "sale", "pic", "lock_stock", "attr_json", "status") VALUES ( 74, 'f6bd96de-40ec-44d7-afdb-b10865967185', 198, NULL, NULL, NULL, NULL, NULL, '[{"name":"Color", "value":"orange","id":2},	{"name":"Size","value":"M","id":5}]', 't');
INSERT INTO "public"."product_sku" ( "product_id", "sku_code", "price", "stock", "low_stock", "sale", "pic", "lock_stock", "attr_json", "status") VALUES ( 74, 'd97c0456-de91-41b3-a6d2-e3dbf94e264b', 198, NULL, NULL, NULL, NULL, NULL, '[{"name":"Color", "value":"orange","id":2},	{"name":"Size","value":"L","id":5}]', 't');
INSERT INTO "public"."product_sku" ( "product_id", "sku_code", "price", "stock", "low_stock", "sale", "pic", "lock_stock", "attr_json", "status") VALUES ( 74, '3439434a-76db-4406-80f7-594555fb4103', 198, NULL, NULL, NULL, NULL, NULL, '[{"name":"Color", "value":"white","id":3},	{"name":"Size","value":"S","id":6}]', 't');
INSERT INTO "public"."product_sku" ( "product_id", "sku_code", "price", "stock", "low_stock", "sale", "pic", "lock_stock", "attr_json", "status") VALUES ( 74, '0fd3b037-9042-45ee-ad0b-f22dc39a5d00', 198, NULL, NULL, NULL, NULL, NULL, '[{"name":"Color", "value":"white","id":3},	{"name":"Size","value":"M","id":6}]', 't');
INSERT INTO "public"."product_sku" ( "product_id", "sku_code", "price", "stock", "low_stock", "sale", "pic", "lock_stock", "attr_json", "status") VALUES ( 74, '26df1efe-8573-48e1-a58f-895fdb9b456b', 198, NULL, NULL, NULL, NULL, NULL, '[{"name":"Color", "value":"white","id":3},	{"name":"Size","value":"L","id":6}]', 't');
INSERT INTO "public"."product_sku" ( "product_id", "sku_code", "price", "stock", "low_stock", "sale", "pic", "lock_stock", "attr_json", "status") VALUES ( 74, 'daa48f2c-f612-43eb-bbc2-352fcd280ebe', 198, NULL, NULL, NULL, NULL, NULL, '[{"name":"Color", "value":"black","id":1},	{"name":"Size","value":"S","id":4}]', 't');
INSERT INTO "public"."product_sku" ( "product_id", "sku_code", "price", "stock", "low_stock", "sale", "pic", "lock_stock", "attr_json", "status") VALUES ( 75, '0b6d903e-01b8-43be-bd06-ae28c3702dd8', 198, NULL, NULL, NULL, NULL, NULL, '[{"name":"Color", "value":"black","id":1},	{"name":"Size","value":"M","id":4}]', 't');
INSERT INTO "public"."product_sku" ( "product_id", "sku_code", "price", "stock", "low_stock", "sale", "pic", "lock_stock", "attr_json", "status") VALUES ( 75, '9a6ad302-e430-4b8e-95e7-04bb779fa0d3', 198, NULL, NULL, NULL, NULL, NULL, '[{"name":"Color", "value":"black","id":1},	{"name":"Size","value":"L","id":4}]', 't');
INSERT INTO "public"."product_sku" ( "product_id", "sku_code", "price", "stock", "low_stock", "sale", "pic", "lock_stock", "attr_json", "status") VALUES ( 75, 'df783b82-4ea9-490c-bd0f-f39afd83e468', 198, NULL, NULL, NULL, NULL, NULL, '[{"name":"Color", "value":"orange","id":2},	{"name":"Size","value":"S","id":5}]', 't');
INSERT INTO "public"."product_sku" ( "product_id", "sku_code", "price", "stock", "low_stock", "sale", "pic", "lock_stock", "attr_json", "status") VALUES ( 75, '7ddbab4a-373e-43fe-8bd8-b4324de718a8', 198, NULL, NULL, NULL, NULL, NULL, '[{"name":"Color", "value":"orange","id":2},	{"name":"Size","value":"M","id":5}]', 't');
INSERT INTO "public"."product_sku" ( "product_id", "sku_code", "price", "stock", "low_stock", "sale", "pic", "lock_stock", "attr_json", "status") VALUES ( 75, '6d027c85-1327-4666-87b2-4d588f8ec2d3', 198, NULL, NULL, NULL, NULL, NULL, '[{"name":"Color", "value":"orange","id":2},	{"name":"Size","value":"L","id":5}]', 't');
INSERT INTO "public"."product_sku" ( "product_id", "sku_code", "price", "stock", "low_stock", "sale", "pic", "lock_stock", "attr_json", "status") VALUES ( 75, 'f1d47912-c785-4479-a3b3-06049dff78ce', 198, NULL, NULL, NULL, NULL, NULL, '[{"name":"Color", "value":"white","id":3},	{"name":"Size","value":"S","id":6}]', 't');
INSERT INTO "public"."product_sku" ( "product_id", "sku_code", "price", "stock", "low_stock", "sale", "pic", "lock_stock", "attr_json", "status") VALUES ( 75, '46d2e848-6f22-4ca8-b78c-915453b0688c', 198, NULL, NULL, NULL, NULL, NULL, '[{"name":"Color", "value":"white","id":3},	{"name":"Size","value":"M","id":6}]', 't');
INSERT INTO "public"."product_sku" ( "product_id", "sku_code", "price", "stock", "low_stock", "sale", "pic", "lock_stock", "attr_json", "status") VALUES ( 75, 'ee3fe2e5-a899-4700-9de9-1a55ff2453f8', 198, NULL, NULL, NULL, NULL, NULL, '[{"name":"Color", "value":"white","id":3},	{"name":"Size","value":"L","id":6}]', 't');
INSERT INTO "public"."product_sku" ( "product_id", "sku_code", "price", "stock", "low_stock", "sale", "pic", "lock_stock", "attr_json", "status") VALUES ( 75, '4ee6e65e-eca0-4037-812d-21bebf032091', 198, NULL, NULL, NULL, NULL, NULL, '[{"name":"Color", "value":"black","id":1},	{"name":"Size","value":"S","id":4}]', 't');
INSERT INTO "public"."product_sku" ( "product_id", "sku_code", "price", "stock", "low_stock", "sale", "pic", "lock_stock", "attr_json", "status") VALUES ( 76, '3bef8747-1e2d-42aa-b3d2-e5e0b2e056fb', 198, NULL, NULL, NULL, NULL, NULL, '[{"name":"Color", "value":"black","id":1},	{"name":"Size","value":"M","id":4}]', 't');
INSERT INTO "public"."product_sku" ( "product_id", "sku_code", "price", "stock", "low_stock", "sale", "pic", "lock_stock", "attr_json", "status") VALUES ( 76, 'f815220a-caff-49d1-92f4-9b245ca7fffb', 198, NULL, NULL, NULL, NULL, NULL, '[{"name":"Color", "value":"black","id":1},	{"name":"Size","value":"L","id":4}]', 't');
INSERT INTO "public"."product_sku" ( "product_id", "sku_code", "price", "stock", "low_stock", "sale", "pic", "lock_stock", "attr_json", "status") VALUES ( 76, 'f6d0945c-06b9-45f4-8ef9-d6e928f0f8c4', 198, NULL, NULL, NULL, NULL, NULL, '[{"name":"Color", "value":"orange","id":2},	{"name":"Size","value":"S","id":5}]', 't');
INSERT INTO "public"."product_sku" ( "product_id", "sku_code", "price", "stock", "low_stock", "sale", "pic", "lock_stock", "attr_json", "status") VALUES ( 76, 'ac2b693d-3d89-4816-96c2-8c239701cff0', 198, NULL, NULL, NULL, NULL, NULL, '[{"name":"Color", "value":"orange","id":2},	{"name":"Size","value":"M","id":5}]', 't');
INSERT INTO "public"."product_sku" ( "product_id", "sku_code", "price", "stock", "low_stock", "sale", "pic", "lock_stock", "attr_json", "status") VALUES ( 76, 'e00dcea4-8ee9-467e-97e0-4d1cb2b2ee1b', 198, NULL, NULL, NULL, NULL, NULL, '[{"name":"Color", "value":"orange","id":2},	{"name":"Size","value":"L","id":5}]', 't');
INSERT INTO "public"."product_sku" ( "product_id", "sku_code", "price", "stock", "low_stock", "sale", "pic", "lock_stock", "attr_json", "status") VALUES ( 76, '34fed380-dcc0-498d-8ef9-0280313914e4', 198, NULL, NULL, NULL, NULL, NULL, '[{"name":"Color", "value":"white","id":3},	{"name":"Size","value":"S","id":6}]', 't');
INSERT INTO "public"."product_sku" ( "product_id", "sku_code", "price", "stock", "low_stock", "sale", "pic", "lock_stock", "attr_json", "status") VALUES ( 76, '30a87390-09ab-4b6b-a459-19449eb3135d', 198, NULL, NULL, NULL, NULL, NULL, '[{"name":"Color", "value":"white","id":3},	{"name":"Size","value":"M","id":6}]', 't');
INSERT INTO "public"."product_sku" ( "product_id", "sku_code", "price", "stock", "low_stock", "sale", "pic", "lock_stock", "attr_json", "status") VALUES ( 76, '8a0959d4-9bab-409f-bb9b-692fee4b19c1', 198, NULL, NULL, NULL, NULL, NULL, '[{"name":"Color", "value":"white","id":3},	{"name":"Size","value":"L","id":6}]', 't');
INSERT INTO "public"."product_sku" ( "product_id", "sku_code", "price", "stock", "low_stock", "sale", "pic", "lock_stock", "attr_json", "status") VALUES ( 76, '6a24674d-1178-4864-86ac-eff5df231247', 198, NULL, NULL, NULL, NULL, NULL, '[{"name":"Color", "value":"black","id":1},	{"name":"Size","value":"S","id":4}]', 't');
INSERT INTO "public"."product_sku" ( "product_id", "sku_code", "price", "stock", "low_stock", "sale", "pic", "lock_stock", "attr_json", "status") VALUES ( 77, 'aaaf9482-efb3-4079-a7bb-3c6bf2c6b109', 198, NULL, NULL, NULL, NULL, NULL, '[{"name":"Color", "value":"black","id":1},	{"name":"Size","value":"M","id":4}]', 't');
INSERT INTO "public"."product_sku" ( "product_id", "sku_code", "price", "stock", "low_stock", "sale", "pic", "lock_stock", "attr_json", "status") VALUES ( 77, '89d0680b-d282-4ab5-a766-e7bda84aa3f8', 198, NULL, NULL, NULL, NULL, NULL, '[{"name":"Color", "value":"black","id":1},	{"name":"Size","value":"L","id":4}]', 't');
INSERT INTO "public"."product_sku" ( "product_id", "sku_code", "price", "stock", "low_stock", "sale", "pic", "lock_stock", "attr_json", "status") VALUES ( 77, 'dca8cc84-7fd3-4664-a176-25161599b0e3', 198, NULL, NULL, NULL, NULL, NULL, '[{"name":"Color", "value":"orange","id":2},	{"name":"Size","value":"S","id":5}]', 't');
INSERT INTO "public"."product_sku" ( "product_id", "sku_code", "price", "stock", "low_stock", "sale", "pic", "lock_stock", "attr_json", "status") VALUES ( 77, 'a37ceddd-cf45-4adf-8fa0-5dd009647bb0', 198, NULL, NULL, NULL, NULL, NULL, '[{"name":"Color", "value":"orange","id":2},	{"name":"Size","value":"M","id":5}]', 't');
INSERT INTO "public"."product_sku" ( "product_id", "sku_code", "price", "stock", "low_stock", "sale", "pic", "lock_stock", "attr_json", "status") VALUES ( 77, '1c396a7a-a652-4586-9b2b-178af424fbde', 198, NULL, NULL, NULL, NULL, NULL, '[{"name":"Color", "value":"orange","id":2},	{"name":"Size","value":"L","id":5}]', 't');
INSERT INTO "public"."product_sku" ( "product_id", "sku_code", "price", "stock", "low_stock", "sale", "pic", "lock_stock", "attr_json", "status") VALUES ( 77, 'e72c9fce-bf1a-4f40-ae47-89142498452e', 198, NULL, NULL, NULL, NULL, NULL, '[{"name":"Color", "value":"white","id":3},	{"name":"Size","value":"S","id":6}]', 't');
INSERT INTO "public"."product_sku" ( "product_id", "sku_code", "price", "stock", "low_stock", "sale", "pic", "lock_stock", "attr_json", "status") VALUES ( 77, '10f6db18-ec98-41dd-bfb5-3d83a7c6d8ac', 198, NULL, NULL, NULL, NULL, NULL, '[{"name":"Color", "value":"white","id":3},	{"name":"Size","value":"M","id":6}]', 't');
INSERT INTO "public"."product_sku" ( "product_id", "sku_code", "price", "stock", "low_stock", "sale", "pic", "lock_stock", "attr_json", "status") VALUES ( 77, '8fc6f8d9-4974-45c2-a727-5a146ab6c695', 198, NULL, NULL, NULL, NULL, NULL, '[{"name":"Color", "value":"white","id":3},	{"name":"Size","value":"L","id":6}]', 't');
INSERT INTO "public"."product_sku" ( "product_id", "sku_code", "price", "stock", "low_stock", "sale", "pic", "lock_stock", "attr_json", "status") VALUES ( 77, 'b6f80af7-776b-486e-9d3d-a9e4b691f3df', 198, NULL, NULL, NULL, NULL, NULL, '[{"name":"Color", "value":"black","id":1},	{"name":"Size","value":"S","id":4}]', 't');
INSERT INTO "public"."product_sku" ( "product_id", "sku_code", "price", "stock", "low_stock", "sale", "pic", "lock_stock", "attr_json", "status") VALUES ( 16, '5d4d94f7-6ddd-48c3-ad58-1a7c0f1e0060', 198, NULL, NULL, NULL, NULL, NULL, '[{"name":"Color", "value":"black","id":1},	{"name":"Size","value":"M","id":4}]', 't');
INSERT INTO "public"."product_sku" ( "product_id", "sku_code", "price", "stock", "low_stock", "sale", "pic", "lock_stock", "attr_json", "status") VALUES ( 16, '4d1a02f1-6b7a-4567-9df1-483e2ba0b6a5', 198, NULL, NULL, NULL, NULL, NULL, '[{"name":"Color", "value":"black","id":1},	{"name":"Size","value":"L","id":4}]', 't');
INSERT INTO "public"."product_sku" ( "product_id", "sku_code", "price", "stock", "low_stock", "sale", "pic", "lock_stock", "attr_json", "status") VALUES ( 16, 'bc33a80e-64ac-4e56-b1d6-377f1b4978ae', 198, NULL, NULL, NULL, NULL, NULL, '[{"name":"Color", "value":"orange","id":2},	{"name":"Size","value":"S","id":5}]', 't');
INSERT INTO "public"."product_sku" ( "product_id", "sku_code", "price", "stock", "low_stock", "sale", "pic", "lock_stock", "attr_json", "status") VALUES ( 16, '653a66f1-12f1-48ea-8661-6a357c5f5e03', 198, NULL, NULL, NULL, NULL, NULL, '[{"name":"Color", "value":"orange","id":2},	{"name":"Size","value":"M","id":5}]', 't');
INSERT INTO "public"."product_sku" ( "product_id", "sku_code", "price", "stock", "low_stock", "sale", "pic", "lock_stock", "attr_json", "status") VALUES ( 16, '627b23b7-e3de-43e3-8144-a666b7d23796', 198, NULL, NULL, NULL, NULL, NULL, '[{"name":"Color", "value":"orange","id":2},	{"name":"Size","value":"L","id":5}]', 't');
INSERT INTO "public"."product_sku" ( "product_id", "sku_code", "price", "stock", "low_stock", "sale", "pic", "lock_stock", "attr_json", "status") VALUES ( 16, '7e42bd92-8b92-40f1-8cba-3270a76ac409', 198, NULL, NULL, NULL, NULL, NULL, '[{"name":"Color", "value":"white","id":3},	{"name":"Size","value":"S","id":6}]', 't');
INSERT INTO "public"."product_sku" ( "product_id", "sku_code", "price", "stock", "low_stock", "sale", "pic", "lock_stock", "attr_json", "status") VALUES ( 16, '46c1338a-c44f-43c5-8ec4-b6d9ed2f0c5c', 198, NULL, NULL, NULL, NULL, NULL, '[{"name":"Color", "value":"white","id":3},	{"name":"Size","value":"M","id":6}]', 't');
INSERT INTO "public"."product_sku" ( "product_id", "sku_code", "price", "stock", "low_stock", "sale", "pic", "lock_stock", "attr_json", "status") VALUES ( 16, '3425aa46-d4b4-4923-914f-08f1401089d8', 198, NULL, NULL, NULL, NULL, NULL, '[{"name":"Color", "value":"white","id":3},	{"name":"Size","value":"L","id":6}]', 't');
INSERT INTO "public"."product_sku" ( "product_id", "sku_code", "price", "stock", "low_stock", "sale", "pic", "lock_stock", "attr_json", "status") VALUES ( 16, '8d286ba2-56ff-475d-8abc-eb02eda7a1cf', 198, NULL, NULL, NULL, NULL, NULL, '[{"name":"Color", "value":"black","id":1},	{"name":"Size","value":"S","id":4}]', 't');
INSERT INTO "public"."product_sku" ( "product_id", "sku_code", "price", "stock", "low_stock", "sale", "pic", "lock_stock", "attr_json", "status") VALUES ( 45, '31fdb2e5-b9d2-495e-b8c9-134ad4f23179', 198, NULL, NULL, NULL, NULL, NULL, '[{"name":"Color", "value":"black","id":1},	{"name":"Size","value":"M","id":4}]', 't');
INSERT INTO "public"."product_sku" ( "product_id", "sku_code", "price", "stock", "low_stock", "sale", "pic", "lock_stock", "attr_json", "status") VALUES ( 45, '302563ea-0b89-4e07-8f6a-9751de3d5bdc', 198, NULL, NULL, NULL, NULL, NULL, '[{"name":"Color", "value":"black","id":1},	{"name":"Size","value":"L","id":4}]', 't');
INSERT INTO "public"."product_sku" ( "product_id", "sku_code", "price", "stock", "low_stock", "sale", "pic", "lock_stock", "attr_json", "status") VALUES ( 45, '85dcfb25-3ca2-415a-86fb-4f5cc31b7eab', 198, NULL, NULL, NULL, NULL, NULL, '[{"name":"Color", "value":"orange","id":2},	{"name":"Size","value":"S","id":5}]', 't');
INSERT INTO "public"."product_sku" ( "product_id", "sku_code", "price", "stock", "low_stock", "sale", "pic", "lock_stock", "attr_json", "status") VALUES ( 45, 'e3e33db6-9d6d-441a-9fe7-4bc5b64ec52d', 198, NULL, NULL, NULL, NULL, NULL, '[{"name":"Color", "value":"orange","id":2},	{"name":"Size","value":"M","id":5}]', 't');
INSERT INTO "public"."product_sku" ( "product_id", "sku_code", "price", "stock", "low_stock", "sale", "pic", "lock_stock", "attr_json", "status") VALUES ( 45, '719476d5-b26b-4cd7-9346-99bb702a23b1', 198, NULL, NULL, NULL, NULL, NULL, '[{"name":"Color", "value":"orange","id":2},	{"name":"Size","value":"L","id":5}]', 't');
INSERT INTO "public"."product_sku" ( "product_id", "sku_code", "price", "stock", "low_stock", "sale", "pic", "lock_stock", "attr_json", "status") VALUES ( 45, 'c2586ebb-92e0-4525-beff-c9b71f8e4955', 198, NULL, NULL, NULL, NULL, NULL, '[{"name":"Color", "value":"white","id":3},	{"name":"Size","value":"S","id":6}]', 't');
INSERT INTO "public"."product_sku" ( "product_id", "sku_code", "price", "stock", "low_stock", "sale", "pic", "lock_stock", "attr_json", "status") VALUES ( 45, '6281fc8c-198e-431b-82e0-78bdf123b325', 198, NULL, NULL, NULL, NULL, NULL, '[{"name":"Color", "value":"white","id":3},	{"name":"Size","value":"M","id":6}]', 't');
INSERT INTO "public"."product_sku" ( "product_id", "sku_code", "price", "stock", "low_stock", "sale", "pic", "lock_stock", "attr_json", "status") VALUES ( 45, '57052ccb-f370-4154-8c71-5e8d3d94bc7c', 198, NULL, NULL, NULL, NULL, NULL, '[{"name":"Color", "value":"white","id":3},	{"name":"Size","value":"L","id":6}]', 't');
INSERT INTO "public"."product_sku" ( "product_id", "sku_code", "price", "stock", "low_stock", "sale", "pic", "lock_stock", "attr_json", "status") VALUES ( 45, 'c64d46c8-486f-4045-9a17-622af70dd30f', 198, NULL, NULL, NULL, NULL, NULL, '[{"name":"Color", "value":"black","id":1},	{"name":"Size","value":"S","id":4}]', 't');
INSERT INTO "public"."product_sku" ( "product_id", "sku_code", "price", "stock", "low_stock", "sale", "pic", "lock_stock", "attr_json", "status") VALUES ( 46, '2ea4f763-d5f3-4793-8711-66c8a40fa904', 198, NULL, NULL, NULL, NULL, NULL, '[{"name":"Color", "value":"black","id":1},	{"name":"Size","value":"M","id":4}]', 't');
INSERT INTO "public"."product_sku" ( "product_id", "sku_code", "price", "stock", "low_stock", "sale", "pic", "lock_stock", "attr_json", "status") VALUES ( 46, '216e894a-7f73-4590-9144-8d19f5bf8e17', 198, NULL, NULL, NULL, NULL, NULL, '[{"name":"Color", "value":"black","id":1},	{"name":"Size","value":"L","id":4}]', 't');
INSERT INTO "public"."product_sku" ( "product_id", "sku_code", "price", "stock", "low_stock", "sale", "pic", "lock_stock", "attr_json", "status") VALUES ( 46, '7932107d-77c4-4721-9f64-264ee345c583', 198, NULL, NULL, NULL, NULL, NULL, '[{"name":"Color", "value":"orange","id":2},	{"name":"Size","value":"S","id":5}]', 't');
INSERT INTO "public"."product_sku" ( "product_id", "sku_code", "price", "stock", "low_stock", "sale", "pic", "lock_stock", "attr_json", "status") VALUES ( 46, '6b4e09f5-df70-4453-9b8f-ddc7b7afaea0', 198, NULL, NULL, NULL, NULL, NULL, '[{"name":"Color", "value":"orange","id":2},	{"name":"Size","value":"M","id":5}]', 't');
INSERT INTO "public"."product_sku" ( "product_id", "sku_code", "price", "stock", "low_stock", "sale", "pic", "lock_stock", "attr_json", "status") VALUES ( 46, '8755abf4-5e9f-498a-843c-92e4b5aa961e', 198, NULL, NULL, NULL, NULL, NULL, '[{"name":"Color", "value":"orange","id":2},	{"name":"Size","value":"L","id":5}]', 't');
INSERT INTO "public"."product_sku" ( "product_id", "sku_code", "price", "stock", "low_stock", "sale", "pic", "lock_stock", "attr_json", "status") VALUES ( 46, '155599f6-2dbe-4046-8298-1418f11d8385', 198, NULL, NULL, NULL, NULL, NULL, '[{"name":"Color", "value":"white","id":3},	{"name":"Size","value":"S","id":6}]', 't');
INSERT INTO "public"."product_sku" ( "product_id", "sku_code", "price", "stock", "low_stock", "sale", "pic", "lock_stock", "attr_json", "status") VALUES ( 46, '0618cca9-de68-46aa-be74-d3ef1432bfab', 198, NULL, NULL, NULL, NULL, NULL, '[{"name":"Color", "value":"white","id":3},	{"name":"Size","value":"M","id":6}]', 't');
INSERT INTO "public"."product_sku" ( "product_id", "sku_code", "price", "stock", "low_stock", "sale", "pic", "lock_stock", "attr_json", "status") VALUES ( 46, 'f547089a-55f7-4abf-98ce-853b2953d0a8', 198, NULL, NULL, NULL, NULL, NULL, '[{"name":"Color", "value":"white","id":3},	{"name":"Size","value":"L","id":6}]', 't');
INSERT INTO "public"."product_sku" ( "product_id", "sku_code", "price", "stock", "low_stock", "sale", "pic", "lock_stock", "attr_json", "status") VALUES ( 46, '640d644a-36a2-4e69-bb59-7c9be67c309f', 198, NULL, NULL, NULL, NULL, NULL, '[{"name":"Color", "value":"black","id":1},	{"name":"Size","value":"S","id":4}]', 't');
INSERT INTO "public"."product_sku" ( "product_id", "sku_code", "price", "stock", "low_stock", "sale", "pic", "lock_stock", "attr_json", "status") VALUES ( 78, '9742111b-4f55-4b40-a476-bf66eb8b40f9', 198, NULL, NULL, NULL, NULL, NULL, '[{"name":"Color", "value":"black","id":1},	{"name":"Size","value":"M","id":4}]', 't');
INSERT INTO "public"."product_sku" ( "product_id", "sku_code", "price", "stock", "low_stock", "sale", "pic", "lock_stock", "attr_json", "status") VALUES ( 78, 'f4b8d31a-aaf2-4b9e-96d7-9af70a65c7a3', 198, NULL, NULL, NULL, NULL, NULL, '[{"name":"Color", "value":"black","id":1},	{"name":"Size","value":"L","id":4}]', 't');
INSERT INTO "public"."product_sku" ( "product_id", "sku_code", "price", "stock", "low_stock", "sale", "pic", "lock_stock", "attr_json", "status") VALUES ( 78, 'faf20f66-2603-406e-9180-120b210394dd', 198, NULL, NULL, NULL, NULL, NULL, '[{"name":"Color", "value":"orange","id":2},	{"name":"Size","value":"S","id":5}]', 't');
INSERT INTO "public"."product_sku" ( "product_id", "sku_code", "price", "stock", "low_stock", "sale", "pic", "lock_stock", "attr_json", "status") VALUES ( 78, 'd632a024-d68d-4f6e-8cd7-eafd0ffa6051', 198, NULL, NULL, NULL, NULL, NULL, '[{"name":"Color", "value":"orange","id":2},	{"name":"Size","value":"M","id":5}]', 't');
INSERT INTO "public"."product_sku" ( "product_id", "sku_code", "price", "stock", "low_stock", "sale", "pic", "lock_stock", "attr_json", "status") VALUES ( 78, '2625c38b-0833-443a-89de-5a950826c28f', 198, NULL, NULL, NULL, NULL, NULL, '[{"name":"Color", "value":"orange","id":2},	{"name":"Size","value":"L","id":5}]', 't');
INSERT INTO "public"."product_sku" ( "product_id", "sku_code", "price", "stock", "low_stock", "sale", "pic", "lock_stock", "attr_json", "status") VALUES ( 78, '192806ad-2cd0-41b8-a96b-d6b1b7f55575', 198, NULL, NULL, NULL, NULL, NULL, '[{"name":"Color", "value":"white","id":3},	{"name":"Size","value":"S","id":6}]', 't');
INSERT INTO "public"."product_sku" ( "product_id", "sku_code", "price", "stock", "low_stock", "sale", "pic", "lock_stock", "attr_json", "status") VALUES ( 78, '328270c5-c91c-48c8-9598-3d0991c49074', 198, NULL, NULL, NULL, NULL, NULL, '[{"name":"Color", "value":"white","id":3},	{"name":"Size","value":"M","id":6}]', 't');
INSERT INTO "public"."product_sku" ( "product_id", "sku_code", "price", "stock", "low_stock", "sale", "pic", "lock_stock", "attr_json", "status") VALUES ( 78, '35a6497a-085f-43f5-be59-f9a2b9485597', 198, NULL, NULL, NULL, NULL, NULL, '[{"name":"Color", "value":"white","id":3},	{"name":"Size","value":"L","id":6}]', 't');
INSERT INTO "public"."product_sku" ( "product_id", "sku_code", "price", "stock", "low_stock", "sale", "pic", "lock_stock", "attr_json", "status") VALUES ( 78, '97fdafbf-6e67-4659-a23b-9535823ae837', 198, NULL, NULL, NULL, NULL, NULL, '[{"name":"Color", "value":"black","id":1},	{"name":"Size","value":"S","id":4}]', 't');
INSERT INTO "public"."product_sku" ( "product_id", "sku_code", "price", "stock", "low_stock", "sale", "pic", "lock_stock", "attr_json", "status") VALUES ( 8, 'fd7fc402-70ef-47dd-92d7-158628b343f4', 198, NULL, NULL, NULL, NULL, NULL, '[{"name":"Color", "value":"black","id":1},	{"name":"Size","value":"M","id":4}]', 't');
INSERT INTO "public"."product_sku" ( "product_id", "sku_code", "price", "stock", "low_stock", "sale", "pic", "lock_stock", "attr_json", "status") VALUES ( 8, 'd23dfc27-aaf7-405f-9a72-40f2bd04a7a6', 198, NULL, NULL, NULL, NULL, NULL, '[{"name":"Color", "value":"black","id":1},	{"name":"Size","value":"L","id":4}]', 't');
INSERT INTO "public"."product_sku" ( "product_id", "sku_code", "price", "stock", "low_stock", "sale", "pic", "lock_stock", "attr_json", "status") VALUES ( 8, '0d5e05fa-ee08-4c62-aa84-6b8f730c8216', 198, NULL, NULL, NULL, NULL, NULL, '[{"name":"Color", "value":"orange","id":2},	{"name":"Size","value":"S","id":5}]', 't');
INSERT INTO "public"."product_sku" ( "product_id", "sku_code", "price", "stock", "low_stock", "sale", "pic", "lock_stock", "attr_json", "status") VALUES ( 8, '8b429d43-dc90-4809-a6ac-8974a53b9b5c', 198, NULL, NULL, NULL, NULL, NULL, '[{"name":"Color", "value":"orange","id":2},	{"name":"Size","value":"M","id":5}]', 't');
INSERT INTO "public"."product_sku" ( "product_id", "sku_code", "price", "stock", "low_stock", "sale", "pic", "lock_stock", "attr_json", "status") VALUES ( 8, 'b4dc7d6f-16b0-4fbd-9408-a2670296bc58', 198, NULL, NULL, NULL, NULL, NULL, '[{"name":"Color", "value":"orange","id":2},	{"name":"Size","value":"L","id":5}]', 't');
INSERT INTO "public"."product_sku" ( "product_id", "sku_code", "price", "stock", "low_stock", "sale", "pic", "lock_stock", "attr_json", "status") VALUES ( 8, '09217988-533b-4422-8587-d5fd776e8511', 198, NULL, NULL, NULL, NULL, NULL, '[{"name":"Color", "value":"white","id":3},	{"name":"Size","value":"S","id":6}]', 't');
INSERT INTO "public"."product_sku" ( "product_id", "sku_code", "price", "stock", "low_stock", "sale", "pic", "lock_stock", "attr_json", "status") VALUES ( 8, 'ed286f1d-6460-47c9-8ce1-2b59e946d996', 198, NULL, NULL, NULL, NULL, NULL, '[{"name":"Color", "value":"white","id":3},	{"name":"Size","value":"M","id":6}]', 't');
INSERT INTO "public"."product_sku" ( "product_id", "sku_code", "price", "stock", "low_stock", "sale", "pic", "lock_stock", "attr_json", "status") VALUES ( 8, 'de23a0db-6511-4a85-aec7-00d2c962067f', 198, NULL, NULL, NULL, NULL, NULL, '[{"name":"Color", "value":"white","id":3},	{"name":"Size","value":"L","id":6}]', 't');
INSERT INTO "public"."product_sku" ( "product_id", "sku_code", "price", "stock", "low_stock", "sale", "pic", "lock_stock", "attr_json", "status") VALUES ( 8, 'e831efb6-651c-4b1d-933d-247cf041d301', 198, NULL, NULL, NULL, NULL, NULL, '[{"name":"Color", "value":"black","id":1},	{"name":"Size","value":"S","id":4}]', 't');
INSERT INTO "public"."product_sku" ( "product_id", "sku_code", "price", "stock", "low_stock", "sale", "pic", "lock_stock", "attr_json", "status") VALUES ( 9, '1e0b4f17-03f3-406c-b544-35ce7296b4cf', 198, NULL, NULL, NULL, NULL, NULL, '[{"name":"Color", "value":"black","id":1},	{"name":"Size","value":"M","id":4}]', 't');
INSERT INTO "public"."product_sku" ( "product_id", "sku_code", "price", "stock", "low_stock", "sale", "pic", "lock_stock", "attr_json", "status") VALUES ( 9, 'f444b85c-bb0e-437c-a1e4-c73d20f78376', 198, NULL, NULL, NULL, NULL, NULL, '[{"name":"Color", "value":"black","id":1},	{"name":"Size","value":"L","id":4}]', 't');
INSERT INTO "public"."product_sku" ( "product_id", "sku_code", "price", "stock", "low_stock", "sale", "pic", "lock_stock", "attr_json", "status") VALUES ( 9, '440f7028-d249-48f4-898b-b7e5fa5f1514', 198, NULL, NULL, NULL, NULL, NULL, '[{"name":"Color", "value":"orange","id":2},	{"name":"Size","value":"S","id":5}]', 't');
INSERT INTO "public"."product_sku" ( "product_id", "sku_code", "price", "stock", "low_stock", "sale", "pic", "lock_stock", "attr_json", "status") VALUES ( 9, '71d1a26a-f3dc-4765-bc0e-1cb293914113', 198, NULL, NULL, NULL, NULL, NULL, '[{"name":"Color", "value":"orange","id":2},	{"name":"Size","value":"M","id":5}]', 't');
INSERT INTO "public"."product_sku" ( "product_id", "sku_code", "price", "stock", "low_stock", "sale", "pic", "lock_stock", "attr_json", "status") VALUES ( 9, '88023f51-e517-443a-b1c7-714befbbc212', 198, NULL, NULL, NULL, NULL, NULL, '[{"name":"Color", "value":"orange","id":2},	{"name":"Size","value":"L","id":5}]', 't');
INSERT INTO "public"."product_sku" ( "product_id", "sku_code", "price", "stock", "low_stock", "sale", "pic", "lock_stock", "attr_json", "status") VALUES ( 9, '6ae257f3-c96c-4e26-be58-7a5a468085e1', 198, NULL, NULL, NULL, NULL, NULL, '[{"name":"Color", "value":"white","id":3},	{"name":"Size","value":"S","id":6}]', 't');
INSERT INTO "public"."product_sku" ( "product_id", "sku_code", "price", "stock", "low_stock", "sale", "pic", "lock_stock", "attr_json", "status") VALUES ( 9, 'c817e773-67ee-4d1c-ac84-3258d9116c76', 198, NULL, NULL, NULL, NULL, NULL, '[{"name":"Color", "value":"white","id":3},	{"name":"Size","value":"M","id":6}]', 't');
INSERT INTO "public"."product_sku" ( "product_id", "sku_code", "price", "stock", "low_stock", "sale", "pic", "lock_stock", "attr_json", "status") VALUES ( 9, '1f8e8b17-2bfe-4540-8834-2ea6c501a2e4', 198, NULL, NULL, NULL, NULL, NULL, '[{"name":"Color", "value":"white","id":3},	{"name":"Size","value":"L","id":6}]', 't');
INSERT INTO "public"."product_sku" ( "product_id", "sku_code", "price", "stock", "low_stock", "sale", "pic", "lock_stock", "attr_json", "status") VALUES ( 9, 'ce435006-d589-4f01-bc2d-ded75aa59a1e', 198, NULL, NULL, NULL, NULL, NULL, '[{"name":"Color", "value":"black","id":1},	{"name":"Size","value":"S","id":4}]', 't');
INSERT INTO "public"."product_sku" ( "product_id", "sku_code", "price", "stock", "low_stock", "sale", "pic", "lock_stock", "attr_json", "status") VALUES ( 7, '526aba51-c5bf-41d8-8791-f2b6a3fcaadf', 1986, NULL, NULL, NULL, NULL, NULL, '[{"name":"Color", "value":"black","id":1},	{"name":"Size","value":"M","id":4}]', 't');
INSERT INTO "public"."product_sku" ( "product_id", "sku_code", "price", "stock", "low_stock", "sale", "pic", "lock_stock", "attr_json", "status") VALUES ( 7, '9c59b4ee-a374-4969-bedf-b39647b753a8', 1986, NULL, NULL, NULL, NULL, NULL, '[{"name":"Color", "value":"black","id":1},	{"name":"Size","value":"L","id":4}]', 't');
INSERT INTO "public"."product_sku" ( "product_id", "sku_code", "price", "stock", "low_stock", "sale", "pic", "lock_stock", "attr_json", "status") VALUES ( 7, 'bc1b9cc7-82e1-4c76-a3c2-ed6af719a041', 1986, NULL, NULL, NULL, NULL, NULL, '[{"name":"Color", "value":"orange","id":2},	{"name":"Size","value":"S","id":5}]', 't');
INSERT INTO "public"."product_sku" ( "product_id", "sku_code", "price", "stock", "low_stock", "sale", "pic", "lock_stock", "attr_json", "status") VALUES ( 7, 'c77d828b-7325-4086-8a12-d361934d5414', 1986, NULL, NULL, NULL, NULL, NULL, '[{"name":"Color", "value":"orange","id":2},	{"name":"Size","value":"M","id":5}]', 't');
INSERT INTO "public"."product_sku" ( "product_id", "sku_code", "price", "stock", "low_stock", "sale", "pic", "lock_stock", "attr_json", "status") VALUES ( 7, '72b86c5a-a295-4aa7-94f9-2585c319775c', 1986, NULL, NULL, NULL, NULL, NULL, '[{"name":"Color", "value":"orange","id":2},	{"name":"Size","value":"L","id":5}]', 't');
INSERT INTO "public"."product_sku" ( "product_id", "sku_code", "price", "stock", "low_stock", "sale", "pic", "lock_stock", "attr_json", "status") VALUES ( 7, 'f30dffdc-0951-4832-b374-402ea9d9d7d7', 1986, NULL, NULL, NULL, NULL, NULL, '[{"name":"Color", "value":"white","id":3},	{"name":"Size","value":"S","id":6}]', 't');
INSERT INTO "public"."product_sku" ( "product_id", "sku_code", "price", "stock", "low_stock", "sale", "pic", "lock_stock", "attr_json", "status") VALUES ( 7, '0c6496a0-8ee2-4fec-9136-1138bf45e8c2', 1986, NULL, NULL, NULL, NULL, NULL, '[{"name":"Color", "value":"white","id":3},	{"name":"Size","value":"M","id":6}]', 't');
INSERT INTO "public"."product_sku" ( "product_id", "sku_code", "price", "stock", "low_stock", "sale", "pic", "lock_stock", "attr_json", "status") VALUES ( 7, '3cc1e446-f103-4e23-b4ae-d9159a0ee727', 1986, NULL, NULL, NULL, NULL, NULL, '[{"name":"Color", "value":"white","id":3},	{"name":"Size","value":"L","id":6}]', 't');
INSERT INTO "public"."product_sku" ( "product_id", "sku_code", "price", "stock", "low_stock", "sale", "pic", "lock_stock", "attr_json", "status") VALUES ( 7, '9146ca61-3e8d-4182-b4ec-f060fa37dbab', 1986, NULL, NULL, NULL, NULL, NULL, '[{"name":"Color", "value":"black","id":1},	{"name":"Size","value":"S","id":4}]', 't');
INSERT INTO "public"."product_sku" ( "product_id", "sku_code", "price", "stock", "low_stock", "sale", "pic", "lock_stock", "attr_json", "status") VALUES ( 11, '91d297ef-3f27-4097-8a6f-4244996c8c3e', 198, NULL, NULL, NULL, NULL, NULL, '[{"name":"Ring Size","value":"8","id":8}]', 't');
INSERT INTO "public"."product_sku" ( "product_id", "sku_code", "price", "stock", "low_stock", "sale", "pic", "lock_stock", "attr_json", "status") VALUES ( 11, 'a6c8c4b4-2e1a-4cc3-bf1c-5e0cf4f8ee5c', 198, NULL, NULL, NULL, NULL, NULL, '[{"name":"Ring Size","value":"9","id":9}]', 't');
INSERT INTO "public"."product_sku" ( "product_id", "sku_code", "price", "stock", "low_stock", "sale", "pic", "lock_stock", "attr_json", "status") VALUES ( 11, 'c68e7376-9ee5-44a6-9141-2cbbc1be796f', 198, NULL, NULL, NULL, NULL, NULL, '[{"name":"Ring Size","value":"10","id":10}]', 't');
INSERT INTO "public"."product_sku" ( "product_id", "sku_code", "price", "stock", "low_stock", "sale", "pic", "lock_stock", "attr_json", "status") VALUES ( 11, '3934b894-efc4-4d93-9d8c-ada8d251c4c4', 198, NULL, NULL, NULL, NULL, NULL, '[{"name":"Ring Size","value":"11","id":11}]', 't');
INSERT INTO "public"."product_sku" ( "product_id", "sku_code", "price", "stock", "low_stock", "sale", "pic", "lock_stock", "attr_json", "status") VALUES ( 11, '9e6b8cfa-1c33-4f94-ad0b-20404b7e9bbb', 198, NULL, NULL, NULL, NULL, NULL, '[{"name":"Ring Size","value":"6","id":7}]', 't');
INSERT INTO "public"."product_sku" ( "product_id", "sku_code", "price", "stock", "low_stock", "sale", "pic", "lock_stock", "attr_json", "status") VALUES ( 12, '8ddcdfe3-63fe-4677-be7d-41ae11c70635', 198, NULL, NULL, NULL, NULL, NULL, '[{"name":"Ring Size","value":"8","id":8}]', 't');
INSERT INTO "public"."product_sku" ( "product_id", "sku_code", "price", "stock", "low_stock", "sale", "pic", "lock_stock", "attr_json", "status") VALUES ( 12, '52c780a1-696b-4f93-adc6-2cce8aa28134', 198, NULL, NULL, NULL, NULL, NULL, '[{"name":"Ring Size","value":"9","id":9}]', 't');
INSERT INTO "public"."product_sku" ( "product_id", "sku_code", "price", "stock", "low_stock", "sale", "pic", "lock_stock", "attr_json", "status") VALUES ( 12, '80348519-8bb6-4a05-84ed-6883177f0c77', 198, NULL, NULL, NULL, NULL, NULL, '[{"name":"Ring Size","value":"10","id":10}]', 't');
INSERT INTO "public"."product_sku" ( "product_id", "sku_code", "price", "stock", "low_stock", "sale", "pic", "lock_stock", "attr_json", "status") VALUES ( 12, '734d2e48-d1a8-4e78-bb33-eb3e4b4d21e3', 198, NULL, NULL, NULL, NULL, NULL, '[{"name":"Ring Size","value":"11","id":11}]', 't');
INSERT INTO "public"."product_sku" ( "product_id", "sku_code", "price", "stock", "low_stock", "sale", "pic", "lock_stock", "attr_json", "status") VALUES ( 12, 'b54aff27-6f98-41b0-b263-0582e15c31b2', 198, NULL, NULL, NULL, NULL, NULL, '[{"name":"Ring Size","value":"6","id":7}]', 't');
INSERT INTO "public"."product_sku" ( "product_id", "sku_code", "price", "stock", "low_stock", "sale", "pic", "lock_stock", "attr_json", "status") VALUES ( 13, '873b2a9c-87df-49ee-bb70-011b5b4f0984', 198, NULL, NULL, NULL, NULL, NULL, '[{"name":"Ring Size","value":"8","id":8}]', 't');
INSERT INTO "public"."product_sku" ( "product_id", "sku_code", "price", "stock", "low_stock", "sale", "pic", "lock_stock", "attr_json", "status") VALUES ( 13, 'b75a9a25-1014-452c-84f8-e27ace10f727', 198, NULL, NULL, NULL, NULL, NULL, '[{"name":"Ring Size","value":"9","id":9}]', 't');
INSERT INTO "public"."product_sku" ( "product_id", "sku_code", "price", "stock", "low_stock", "sale", "pic", "lock_stock", "attr_json", "status") VALUES ( 13, 'e812fe48-f099-4865-9c7a-4ce15c3f56c2', 198, NULL, NULL, NULL, NULL, NULL, '[{"name":"Ring Size","value":"10","id":10}]', 't');
INSERT INTO "public"."product_sku" ( "product_id", "sku_code", "price", "stock", "low_stock", "sale", "pic", "lock_stock", "attr_json", "status") VALUES ( 13, 'a299be49-b473-455d-a9f7-d9e44bf0e129', 198, NULL, NULL, NULL, NULL, NULL, '[{"name":"Ring Size","value":"11","id":11}]', 't');
INSERT INTO "public"."product_sku" ( "product_id", "sku_code", "price", "stock", "low_stock", "sale", "pic", "lock_stock", "attr_json", "status") VALUES ( 13, 'b56b1604-bc84-40f8-9540-15a8b673cbd3', 198, NULL, NULL, NULL, NULL, NULL, '[{"name":"Ring Size","value":"6","id":7}]', 't');
INSERT INTO "public"."product_sku" ( "product_id", "sku_code", "price", "stock", "low_stock", "sale", "pic", "lock_stock", "attr_json", "status") VALUES ( 66, '7da81bf3-2cf5-4dea-a444-8794a1b29461', 198, NULL, NULL, NULL, NULL, NULL, '[{"name":"Ring Size","value":"8","id":8}]', 't');
INSERT INTO "public"."product_sku" ( "product_id", "sku_code", "price", "stock", "low_stock", "sale", "pic", "lock_stock", "attr_json", "status") VALUES ( 66, '421dd0b8-eb26-49f4-99f2-0c13c27f15d1', 198, NULL, NULL, NULL, NULL, NULL, '[{"name":"Ring Size","value":"9","id":9}]', 't');
INSERT INTO "public"."product_sku" ( "product_id", "sku_code", "price", "stock", "low_stock", "sale", "pic", "lock_stock", "attr_json", "status") VALUES ( 66, '4db0b277-8a38-4f22-9273-63a0541d4fb5', 198, NULL, NULL, NULL, NULL, NULL, '[{"name":"Ring Size","value":"10","id":10}]', 't');
INSERT INTO "public"."product_sku" ( "product_id", "sku_code", "price", "stock", "low_stock", "sale", "pic", "lock_stock", "attr_json", "status") VALUES ( 66, '656822fc-e402-456a-87c7-db7c44ba7f17', 198, NULL, NULL, NULL, NULL, NULL, '[{"name":"Ring Size","value":"11","id":11}]', 't');
INSERT INTO "public"."product_sku" ( "product_id", "sku_code", "price", "stock", "low_stock", "sale", "pic", "lock_stock", "attr_json", "status") VALUES ( 66, 'e2909073-7e9a-4c9f-bf97-860dc147a3bc', 198, NULL, NULL, NULL, NULL, NULL, '[{"name":"Ring Size","value":"6","id":7}]', 't');
INSERT INTO "public"."product_sku" ( "product_id", "sku_code", "price", "stock", "low_stock", "sale", "pic", "lock_stock", "attr_json", "status") VALUES ( 67, '840ec4ec-6b64-4310-b2bb-a3041646a05f', 198, NULL, NULL, NULL, NULL, NULL, '[{"name":"Ring Size","value":"8","id":8}]', 't');
INSERT INTO "public"."product_sku" ( "product_id", "sku_code", "price", "stock", "low_stock", "sale", "pic", "lock_stock", "attr_json", "status") VALUES ( 67, '72d94d87-afa5-48ed-9e54-489c4b90b240', 198, NULL, NULL, NULL, NULL, NULL, '[{"name":"Ring Size","value":"9","id":9}]', 't');
INSERT INTO "public"."product_sku" ( "product_id", "sku_code", "price", "stock", "low_stock", "sale", "pic", "lock_stock", "attr_json", "status") VALUES ( 67, '4db3a975-c452-4843-ba0e-5ead8ded37e7', 198, NULL, NULL, NULL, NULL, NULL, '[{"name":"Ring Size","value":"10","id":10}]', 't');
INSERT INTO "public"."product_sku" ( "product_id", "sku_code", "price", "stock", "low_stock", "sale", "pic", "lock_stock", "attr_json", "status") VALUES ( 67, '6eac0325-5bb1-4ba8-bb15-5c59f1c02864', 198, NULL, NULL, NULL, NULL, NULL, '[{"name":"Ring Size","value":"11","id":11}]', 't');
INSERT INTO "public"."product_sku" ( "product_id", "sku_code", "price", "stock", "low_stock", "sale", "pic", "lock_stock", "attr_json", "status") VALUES ( 67, 'b046b26d-7bf1-495f-98f0-7c71366b9004', 198, NULL, NULL, NULL, NULL, NULL, '[{"name":"Ring Size","value":"6","id":7}]', 't');
INSERT INTO "public"."product_sku" ( "product_id", "sku_code", "price", "stock", "low_stock", "sale", "pic", "lock_stock", "attr_json", "status") VALUES ( 68, '52659312-1f7d-4cd9-bf6a-0b67db4ca228', 198, NULL, NULL, NULL, NULL, NULL, '[{"name":"Ring Size","value":"8","id":8}]', 't');
INSERT INTO "public"."product_sku" ( "product_id", "sku_code", "price", "stock", "low_stock", "sale", "pic", "lock_stock", "attr_json", "status") VALUES ( 68, 'be01753f-7120-4e61-acd2-583cbb1f6810', 198, NULL, NULL, NULL, NULL, NULL, '[{"name":"Ring Size","value":"9","id":9}]', 't');
INSERT INTO "public"."product_sku" ( "product_id", "sku_code", "price", "stock", "low_stock", "sale", "pic", "lock_stock", "attr_json", "status") VALUES ( 68, '93b5e435-fbfc-4363-bad7-673643e8dbc2', 198, NULL, NULL, NULL, NULL, NULL, '[{"name":"Ring Size","value":"10","id":10}]', 't');
INSERT INTO "public"."product_sku" ( "product_id", "sku_code", "price", "stock", "low_stock", "sale", "pic", "lock_stock", "attr_json", "status") VALUES ( 68, '7e4b6871-fb59-4334-bbba-48abff98ef21', 198, NULL, NULL, NULL, NULL, NULL, '[{"name":"Ring Size","value":"11","id":11}]', 't');
INSERT INTO "public"."product_sku" ( "product_id", "sku_code", "price", "stock", "low_stock", "sale", "pic", "lock_stock", "attr_json", "status") VALUES ( 68, '7c940e82-9e5c-44be-87c1-997502cff5cc', 198, NULL, NULL, NULL, NULL, NULL, '[{"name":"Ring Size","value":"6","id":7}]', 't');
INSERT INTO "public"."product_sku" ( "product_id", "sku_code", "price", "stock", "low_stock", "sale", "pic", "lock_stock", "attr_json", "status") VALUES ( 65, 'e6f8510e-1f9c-4bce-863a-b3909bc8d536', 198, NULL, NULL, NULL, NULL, NULL, '[{"name":"Ring Size","value":"8","id":8}]', 't');
INSERT INTO "public"."product_sku" ( "product_id", "sku_code", "price", "stock", "low_stock", "sale", "pic", "lock_stock", "attr_json", "status") VALUES ( 65, 'f36f7ad3-6656-4dff-966b-e535a6817b56', 198, NULL, NULL, NULL, NULL, NULL, '[{"name":"Ring Size","value":"9","id":9}]', 't');
INSERT INTO "public"."product_sku" ( "product_id", "sku_code", "price", "stock", "low_stock", "sale", "pic", "lock_stock", "attr_json", "status") VALUES ( 65, '70af7388-289b-4b56-8d4e-eba8bf95d545', 198, NULL, NULL, NULL, NULL, NULL, '[{"name":"Ring Size","value":"10","id":10}]', 't');
INSERT INTO "public"."product_sku" ( "product_id", "sku_code", "price", "stock", "low_stock", "sale", "pic", "lock_stock", "attr_json", "status") VALUES ( 65, '0536cbe9-81e7-44ab-9e56-a1d037e77398', 198, NULL, NULL, NULL, NULL, NULL, '[{"name":"Ring Size","value":"11","id":11}]', 't');
INSERT INTO "public"."product_sku" ( "product_id", "sku_code", "price", "stock", "low_stock", "sale", "pic", "lock_stock", "attr_json", "status") VALUES ( 65, '59406eb4-b998-43bd-9eeb-ada7e2f45f87', 198, NULL, NULL, NULL, NULL, NULL, '[{"name":"Ring Size","value":"6","id":7}]', 't');
INSERT INTO "public"."product_sku" ( "product_id", "sku_code", "price", "stock", "low_stock", "sale", "pic", "lock_stock", "attr_json", "status") VALUES ( 10, '1a0f29b0-7468-4f5f-88eb-077e6e6e4a68', 198, NULL, NULL, NULL, NULL, NULL, '[{"name":"Ring Size","value":"8","id":8}]', 't');
INSERT INTO "public"."product_sku" ( "product_id", "sku_code", "price", "stock", "low_stock", "sale", "pic", "lock_stock", "attr_json", "status") VALUES ( 10, 'a0492d3a-e771-4cc9-918e-bd504674d746', 198, NULL, NULL, NULL, NULL, NULL, '[{"name":"Ring Size","value":"9","id":9}]', 't');
INSERT INTO "public"."product_sku" ( "product_id", "sku_code", "price", "stock", "low_stock", "sale", "pic", "lock_stock", "attr_json", "status") VALUES ( 10, '0f2ca48c-2242-4314-8403-d1701a574911', 198, NULL, NULL, NULL, NULL, NULL, '[{"name":"Ring Size","value":"10","id":10}]', 't');
INSERT INTO "public"."product_sku" ( "product_id", "sku_code", "price", "stock", "low_stock", "sale", "pic", "lock_stock", "attr_json", "status") VALUES ( 10, '635cadea-7b05-4972-b81d-f1b8e834a1fe', 198, NULL, NULL, NULL, NULL, NULL, '[{"name":"Ring Size","value":"11","id":11}]', 't');
INSERT INTO "public"."product_sku" ( "product_id", "sku_code", "price", "stock", "low_stock", "sale", "pic", "lock_stock", "attr_json", "status") VALUES ( 10, '99805e50-fe8f-4c28-a5e8-300ed98860b2', 198, NULL, NULL, NULL, NULL, NULL, '[{"name":"Ring Size","value":"6","id":7}]', 't');
COMMIT;
