DROP TABLE IF EXISTS "user_cart_item";
DROP TABLE IF EXISTS "collection";
DROP TABLE IF EXISTS "collection_product";
DROP TABLE IF EXISTS "order_item";
DROP TABLE IF EXISTS "order_operate_history";
DROP TABLE IF EXISTS "order_return_apply";
DROP TABLE IF EXISTS "order";
DROP TABLE IF EXISTS "product_attribute";
DROP TABLE IF EXISTS "product_attribute_value";
DROP TABLE IF EXISTS "product_category_attribute_relation";
DROP TABLE IF EXISTS "product_category";
DROP TABLE IF EXISTS "product_detail_template";
DROP TABLE IF EXISTS "product_detail_template_relation";
DROP TABLE IF EXISTS "product_picture";
DROP TABLE IF EXISTS "product_recommend";
DROP TABLE IF EXISTS "product_sku";
DROP TABLE IF EXISTS "product_sku_attr_relation";
DROP TABLE IF EXISTS "product";
DROP TABLE IF EXISTS "user_role_permission_relation";
DROP TABLE IF EXISTS "user";
DROP TABLE IF EXISTS "user_favourite";
DROP TABLE IF EXISTS "user_login_history";
DROP TABLE IF EXISTS "user_payment_type";
DROP TABLE IF EXISTS "user_permission";
DROP TABLE IF EXISTS "user_recevie_address";
DROP TABLE IF EXISTS "user_role";
DROP TABLE IF EXISTS "user_role_relation";

CREATE TABLE "user_cart_item" (
  "id" int4 NOT NULL GENERATED BY DEFAULT AS IDENTITY ,
  "product_id" int4 NOT NULL,
  "product_category_id" int4,
  "product_sku_id" int4,
  "user_id" int4,
  "quantity" int4,
  "price" int8,
  "product_pic" varchar(50),
  "product_name" varchar(50),
  "product_sn" varchar(50),
  "product_sku_code" varchar(50),
  "user_name" varchar(30),
  "create_date" date,
  "modify_date" date,
  "delete_status" bool,
  "product_attr" varchar(255),
  PRIMARY KEY ("id")
);

CREATE TABLE "collection" (
  "id" int4 NOT NULL GENERATED BY DEFAULT AS IDENTITY ,
  "name" varchar(30) NOT NULL,
  "pic" varchar(50) NOT NULL,
  "create_time" date,
  "sort" int4 NOT NULL,
  "status" bool NOT NULL,
  "recommend_status" bool,
  "bg_pic" varchar(50),
  PRIMARY KEY ("id")
);

CREATE TABLE "collection_product" (
  "id" int4 NOT NULL GENERATED BY DEFAULT AS IDENTITY ,
  "collection_id" int4,
  "product_id" int4,
  "sort" int4,
  "status" bool,
   PRIMARY KEY ("id")
);


CREATE TABLE "order" (
  "id" int4 NOT NULL GENERATED BY DEFAULT AS IDENTITY ,
  "user_id" int4 NOT NULL,
  "order_sn" varchar(50),
  "user_name" varchar(30),
  "total_amount" int8,
  "pay_amount" int8,
  "freight_amount" int8,
  "pay_type" varchar(10),
  "source_type" varchar(10),
  "delivery_sn" varchar(50),
  "receiver_name" varchar(30),
  "receiver_zip_code" varchar(10),
  "receiver_city" varchar(20),
  "receiver_state" varchar(20),
  "receiver_address" varchar(255),
  "receiver_phone" varchar(20),
  "confirm_status" varchar(10),
  "delete_status" bool,
  "payment_time" date,
  "delivery_time" date,
  "receive_time" date,
  "update_time" date,
  "create_time" date,
  "order_status" int4 NOT NULL,
  "status" bool,
  PRIMARY KEY ("id")
);

CREATE TABLE "order_item" (
  "id" int4 NOT NULL GENERATED BY DEFAULT AS IDENTITY ,
  "order_id" int4,
  "order_sn" varchar(50),
  "product_id" int4,
  "product_pic" varchar(50),
  "product_name" varchar(30),
  "product_sn" varchar(50),
  "product_price" int8,
  "product_quantity" int4,
  "product_sku_id" int4,
  "product_category_id" int4,
  "product_attr" varchar(200),
  PRIMARY KEY ("id")
);

CREATE TABLE "order_operate_history" (
  "id" int4 NOT NULL GENERATED BY DEFAULT AS IDENTITY ,
  "order_id" int4 NOT NULL,
  "operater" varchar(50),
  "create_time" date,
  "order_status" varchar(10),
  "note" varchar(255),
  PRIMARY KEY ("id")
);

CREATE TABLE "order_return_apply" (
  "id" int4 NOT NULL GENERATED BY DEFAULT AS IDENTITY ,
  "order_id" int4,
  "order_sn" varchar(50),
  "product_id" int4,
  "create_time" date,
  "user_name" varchar(30),
  "return_amount" int8,
  "return_name" varchar(30),
  "return_phone" varchar(20),
  "status" varchar(10),
  "product_name" varchar(30),
  "product_attr" varchar(255),
  "product_pic" varchar(50),
  "product_count" varchar(10),
  "product_price" int8,
  "reason" varchar(255),
  "description" varchar(255),
  "handle_time" date,
  "handle_note" varchar(255),
  PRIMARY KEY ("id")
);

CREATE TABLE "product" (
  "id" int4 NOT NULL GENERATED BY DEFAULT AS IDENTITY ,
  "product_category_id" int4 NOT NULL,
    "product_category_name" varchar(20)  NOT NULL,
    "name" varchar(30)  NOT NULL,
    "brand" varchar(20)  NOT NULL,
    "product_sn" varchar(32) ,
    "publish_season" varchar(20)  NOT NULL,
    "publish_year" int4 NOT NULL,
    "new_status" bool NOT NULL,
    "sort" int4,
    "sale" int4,
    "price" int8 NOT NULL,
    "rating" float4 NOT NULL,
    "preview_pic" varchar(50)  NOT NULL,
    "unit" varchar(10) ,
    "weight" numeric(10,4),
    "keywords" varchar(20) ,
    "note" varchar(255) ,
    "delivery_type" varchar(20),
    "status" bool NOT NULL,
  PRIMARY KEY ("id")
);

CREATE TABLE "product_attribute" (
  "id" int4 NOT NULL GENERATED BY DEFAULT AS IDENTITY ,
  "name" varchar(30) NOT NULL,
  "sort" int4 NOT NULL,
  "status" bool NOT NULL,
  PRIMARY KEY ("id")
);

CREATE TABLE "product_attribute_value" (
  "id" int4 NOT NULL GENERATED BY DEFAULT AS IDENTITY ,
  "product_attribute_id" int4 NOT NULL,
  "value" varchar(255) NOT NULL,
  PRIMARY KEY ("id")
);

CREATE TABLE "product_category_attribute_relation" (
  "id" int4 NOT NULL GENERATED BY DEFAULT AS IDENTITY ,
  "category_id" int4 NOT NULL,
  "attribute_id" int4 NOT NULL,
  "status" bool,
  PRIMARY KEY ("id")
);

CREATE TABLE "product_category" (
  "id" int4 NOT NULL GENERATED BY DEFAULT AS IDENTITY,
  "parent_id" int4,
  "name" varchar(30),
  "level" int4,
  "sort" int4,
  "keywords" varchar(20),
  "description" varchar(255),
  "status" bool,
  PRIMARY KEY ("id")
);

CREATE TABLE "product_detail_template" (
  "id" int4 NOT NULL GENERATED BY DEFAULT AS IDENTITY ,
  "type" varchar(10) NOT NULL,
  "title" varchar(30) NOT NULL,
  "detail" text NOT NULL,
  PRIMARY KEY ("id")
);
COMMENT ON COLUMN "product_detail_template"."type" IS 'html or text';

CREATE TABLE "product_detail_template_relation" (
  "id" int4 GENERATED BY DEFAULT AS IDENTITY ,
  "category_id" int4 NOT NULL,
  "template_id" int4 NOT NULL,
  "sort" int4 NOT NULL,
  PRIMARY KEY ("id")
);

CREATE TABLE "product_picture" (
  "id" int4 NOT NULL GENERATED BY DEFAULT AS IDENTITY ,
  "product_id" int4 NOT NULL,
  "type" int4 NOT NULL,
  "sort" int4 NOT NULL,
  "url" varchar(50) NOT NULL,
  "status" bool NOT NULL,
  PRIMARY KEY ("id")
);
COMMENT ON COLUMN "product_picture"."type" IS 'album or detail or gallery';

CREATE TABLE "product_recommend" (
  "id" int4 NOT NULL GENERATED BY DEFAULT AS IDENTITY ,
  "product_id" int4 NOT NULL,
  "product_name" varchar(30),
  "sort" int4,
  "status" bool,
  PRIMARY KEY ("id")
);

CREATE TABLE "product_sku" (
  "id" int4 NOT NULL GENERATED BY DEFAULT AS IDENTITY ,
  "product_id" int4,
  "sku_code" varchar(255),
  "price" int8,
  "stock" int4,
  "low_stock" int4,
  "sale" int4,
  "pic" varchar(50),
  "lock_stock" int4,
  PRIMARY KEY ("id")
);


CREATE TABLE "product_sku_attr_relation" (
  "id" int4 NOT NULL GENERATED ALWAYS AS IDENTITY,
  "sku_id" int4 NOT NULL,
  "attr_id" int4 NOT NULL,
  "status" bool NOT NULL,
  PRIMARY KEY ("id")
)
;

CREATE TABLE "user_role_permission_relation" (
  "id" int4 NOT NULL GENERATED BY DEFAULT AS IDENTITY ,
  "role_id" int4,
  "permission_id" int4,
  PRIMARY KEY ("id")
);

CREATE TABLE "user" (
  "id" int4 NOT NULL GENERATED BY DEFAULT AS IDENTITY ,
  "username" varchar(30) NOT NULL,
  "password" varchar(30) NOT NULL,
  "email" varchar(50),
  "create_time" date,
  "status" bool,
  PRIMARY KEY ("id")
);

CREATE UNIQUE INDEX "username" ON "user" USING btree (
  "username" ASC NULLS LAST
);

CREATE TABLE "user_favourite" (
  "id" int4 NOT NULL,
  "user_id" int4 NOT NULL,
  "collection_id" int4,
  "product_id" int4,
  "category_id" int4,
  "create_time" date,
  "delete_flag" bool,
  PRIMARY KEY ("id")
);

CREATE TABLE "user_login_history" (
  "id" int4 NOT NULL GENERATED BY DEFAULT AS IDENTITY ,
  "user_id" int4,
  "create_time" date,
  "ip" varchar(20),
  "city" varchar(20),
  "login_type" int4,
  PRIMARY KEY ("id")
);

CREATE TABLE "user_payment_type" (
  "id" int4 NOT NULL GENERATED BY DEFAULT AS IDENTITY ,
  "user_name" varchar(20) NOT NULL,
  "card_name" varchar(50) NOT NULL,
  "card_number" varchar(50) NOT NULL,
  "exp_mon" varchar(10) NOT NULL,
  "exp_year" varchar(10) NOT NULL,
  "cvv" varchar(10) NOT NULL,
  "is_default" bool ,
  "card_type" int4 NOT NULL,
  "create_date" date,
  "status" bool NOT NULL,
  PRIMARY KEY ("id")
);

CREATE UNIQUE INDEX "card_num" ON "user_payment_type" USING btree (
  "card_number"  ASC NULLS LAST
);

CREATE TABLE "user_permission" (
  "id" int4 NOT NULL GENERATED BY DEFAULT AS IDENTITY ,
  "name" varchar(30),
  "value" varchar(255),
  "status" bool,
  "sort" int4,
  PRIMARY KEY ("id")
);

CREATE TABLE "user_recevie_address" (
  "id" int4 NOT NULL GENERATED BY DEFAULT AS IDENTITY ,
  "user_name" varchar(20) NOT NULL,
  "first_name" varchar(30) NOT NULL,
  "second_name" varchar(30) NOT NULL,
  "address" varchar(255) NOT NULL,
  "city" varchar(20) NOT NULL,
  "state" varchar(20) NOT NULL,
  "zipcode" varchar(10) NOT NULL,
  "phone" varchar(20) NOT NULL,
  "is_default" bool ,
  "create_time" date,
  "status" bool NOT NULL,
  PRIMARY KEY ("id")
);

CREATE TABLE "user_role" (
  "id" int4 NOT NULL GENERATED BY DEFAULT AS IDENTITY ,
  "name" varchar(30),
  "description" varchar(255),
  "create_time" date,
  "status" int4,
  PRIMARY KEY ("id")
);

CREATE TABLE "user_role_relation" (
  "id" int4 NOT NULL GENERATED BY DEFAULT AS IDENTITY ,
  "role_id" int4 NOT NULL,
  "user_id" int4 NOT NULL,
  PRIMARY KEY ("id")
);

ALTER TABLE "order_item" ADD CONSTRAINT "fk_order_item_order_1" FOREIGN KEY ("order_id") REFERENCES "order" ("id");
ALTER TABLE "product_sku" ADD CONSTRAINT "fk_product_sku_product_1" FOREIGN KEY ("product_id") REFERENCES "product" ("id");

BEGIN;
INSERT INTO "collection" ("id", "name", "pic", "create_time", "sort", "status", "recommend_status","bg_pic") VALUES (1, 'OCTOBER COLLECTION', '/assets/1.png', '2024-04-23', 1, 't', 't','/assets/collection.png');
INSERT INTO "collection" ("id", "name", "pic", "create_time", "sort", "status", "recommend_status","bg_pic") VALUES (3, 'AUTUMN COLLECTION', '/assets/p0.png', '2024-04-23', 3, 't', 't','');
INSERT INTO "collection" ("id", "name", "pic", "create_time", "sort", "status", "recommend_status","bg_pic") VALUES (2, 'BLACK COLLECTION', '/assets/1-0.png', '2024-04-23', 2, 't', 't','');
COMMIT;

BEGIN;
INSERT INTO "collection_product" ("id", "collection_id", "product_id", "sort", "status") VALUES (1, 1, 8, 0, 't');
INSERT INTO "collection_product" ("id", "collection_id", "product_id", "sort", "status") VALUES (2, 1, 9, 1, 't');
INSERT INTO "collection_product" ("id", "collection_id", "product_id", "sort", "status") VALUES (3, 1, 10, 2, 't');
INSERT INTO "collection_product" ("id", "collection_id", "product_id", "sort", "status") VALUES (4, 1, 11, 3, 't');
INSERT INTO "collection_product" ("id", "collection_id", "product_id", "sort", "status") VALUES (5, 1, 12, 4, 't');
INSERT INTO "collection_product" ("id", "collection_id", "product_id", "sort", "status") VALUES (6, 1, 13, 5, 't');
INSERT INTO "collection_product" ("id", "collection_id", "product_id", "sort", "status") VALUES (7, 2, 14, 0, 't');
INSERT INTO "collection_product" ("id", "collection_id", "product_id", "sort", "status") VALUES (8, 2, 15, 1, 't');
INSERT INTO "collection_product" ("id", "collection_id", "product_id", "sort", "status") VALUES (9, 3, 46, 0, 't');
INSERT INTO "collection_product" ("id", "collection_id", "product_id", "sort", "status") VALUES (10, 3, 45, 1, 't');
COMMIT;

BEGIN;
INSERT INTO "product" ("id", "product_category_id", "product_category_name", "name", "brand", "product_sn", "publish_season", "publish_year", "new_status", "sort", "sale", "price", "rating", "preview_pic", "unit", "weight", "keywords", "note", "delivery_type", "status") VALUES (11, 38, 'Jewelry', 'golden ring', 'zara', NULL, 'spring', 2021, 'f', NULL, NULL, 198, 4.8, '/assets/1-4.png', '', NULL, NULL, NULL, NULL, 't');
INSERT INTO "product" ("id", "product_category_id", "product_category_name", "name", "brand", "product_sn", "publish_season", "publish_year", "new_status", "sort", "sale", "price", "rating", "preview_pic", "unit", "weight", "keywords", "note", "delivery_type", "status") VALUES (12, 38, 'Jewelry', 'golden ring', 'zara', NULL, 'spring', 2021, 'f', NULL, NULL, 198, 4.8, '/assets/1-5.png', '', NULL, NULL, NULL, NULL, 't');
INSERT INTO "product" ("id", "product_category_id", "product_category_name", "name", "brand", "product_sn", "publish_season", "publish_year", "new_status", "sort", "sale", "price", "rating", "preview_pic", "unit", "weight", "keywords", "note", "delivery_type", "status") VALUES (13, 38, 'Jewelry', 'golden ring', 'zara', NULL, 'spring', 2021, 'f', NULL, NULL, 198, 4.8, '/assets/1-6.png', '', NULL, NULL, NULL, NULL, 't');
INSERT INTO "product" ("id", "product_category_id", "product_category_name", "name", "brand", "product_sn", "publish_season", "publish_year", "new_status", "sort", "sale", "price", "rating", "preview_pic", "unit", "weight", "keywords", "note", "delivery_type", "status") VALUES (66, 38, 'Jewelry', 'diamond ring', 'zara', NULL, 'spring', 2021, 'f', NULL, NULL, 198, 4.8, '/assets/p34.png', '', NULL, NULL, NULL, NULL, 't');
INSERT INTO "product" ("id", "product_category_id", "product_category_name", "name", "brand", "product_sn", "publish_season", "publish_year", "new_status", "sort", "sale", "price", "rating", "preview_pic", "unit", "weight", "keywords", "note", "delivery_type", "status") VALUES (67, 38, 'Jewelry', 'diamond ring', 'zara', NULL, 'spring', 2021, 'f', NULL, NULL, 198, 4.8, '/assets/p35.png', '', NULL, NULL, NULL, NULL, 't');
INSERT INTO "product" ("id", "product_category_id", "product_category_name", "name", "brand", "product_sn", "publish_season", "publish_year", "new_status", "sort", "sale", "price", "rating", "preview_pic", "unit", "weight", "keywords", "note", "delivery_type", "status") VALUES (68, 38, 'Jewelry', 'diamond ring', 'zara', NULL, 'spring', 2021, 'f', NULL, NULL, 198, 4.8, '/assets/p36.png', '', NULL, NULL, NULL, NULL, 't');
INSERT INTO "product" ("id", "product_category_id", "product_category_name", "name", "brand", "product_sn", "publish_season", "publish_year", "new_status", "sort", "sale", "price", "rating", "preview_pic", "unit", "weight", "keywords", "note", "delivery_type", "status") VALUES (14, 4, 'Dresses', 'Lace Stitch Knit Dress', 'Lace', NULL, 'spring', 2024, 't', NULL, NULL, 198, 4.8, '/assets/2-1.jpg', '', NULL, NULL, NULL, NULL, 't');
INSERT INTO "product" ("id", "product_category_id", "product_category_name", "name", "brand", "product_sn", "publish_season", "publish_year", "new_status", "sort", "sale", "price", "rating", "preview_pic", "unit", "weight", "keywords", "note", "delivery_type", "status") VALUES (15, 4, 'Dresses', 'Gather Sleeve Midi Dress', 'Lace', NULL, 'spring', 2024, 't', NULL, NULL, 198, 4.8, '/assets/2-2.jpg', '', NULL, NULL, NULL, NULL, 't');
INSERT INTO "product" ("id", "product_category_id", "product_category_name", "name", "brand", "product_sn", "publish_season", "publish_year", "new_status", "sort", "sale", "price", "rating", "preview_pic", "unit", "weight", "keywords", "note", "delivery_type", "status") VALUES (69, 27, 'Coats', 'Faux Fur Jacket', '21win', NULL, 'winter', 2021, 'f', NULL, NULL, 198, 4.8, '/assets/s1.png', '', NULL, NULL, NULL, NULL, 't');
INSERT INTO "product" ("id", "product_category_id", "product_category_name", "name", "brand", "product_sn", "publish_season", "publish_year", "new_status", "sort", "sale", "price", "rating", "preview_pic", "unit", "weight", "keywords", "note", "delivery_type", "status") VALUES (70, 27, 'Coats', 'Faux Fur Jacket', '21win', NULL, 'winter', 2021, 'f', NULL, NULL, 198, 4.8, '/assets/s2.png', '', NULL, NULL, NULL, NULL, 't');
INSERT INTO "product" ("id", "product_category_id", "product_category_name", "name", "brand", "product_sn", "publish_season", "publish_year", "new_status", "sort", "sale", "price", "rating", "preview_pic", "unit", "weight", "keywords", "note", "delivery_type", "status") VALUES (71, 27, 'Coats', 'Faux Fur Jacket', '21win', NULL, 'winter', 2021, 'f', NULL, NULL, 198, 4.8, '/assets/s3.png', '', NULL, NULL, NULL, NULL, 't');
INSERT INTO "product" ("id", "product_category_id", "product_category_name", "name", "brand", "product_sn", "publish_season", "publish_year", "new_status", "sort", "sale", "price", "rating", "preview_pic", "unit", "weight", "keywords", "note", "delivery_type", "status") VALUES (72, 27, 'Coats', 'Faux Fur Jacket', '21win', NULL, 'winter', 2021, 'f', NULL, NULL, 198, 4.8, '/assets/s4.png', '', NULL, NULL, NULL, NULL, 't');
INSERT INTO "product" ("id", "product_category_id", "product_category_name", "name", "brand", "product_sn", "publish_season", "publish_year", "new_status", "sort", "sale", "price", "rating", "preview_pic", "unit", "weight", "keywords", "note", "delivery_type", "status") VALUES (73, 27, 'Coats', 'Faux Fur Jacket', '21win', NULL, 'winter', 2021, 'f', NULL, NULL, 198, 4.8, '/assets/s5.png', '', NULL, NULL, NULL, NULL, 't');
INSERT INTO "product" ("id", "product_category_id", "product_category_name", "name", "brand", "product_sn", "publish_season", "publish_year", "new_status", "sort", "sale", "price", "rating", "preview_pic", "unit", "weight", "keywords", "note", "delivery_type", "status") VALUES (74, 27, 'Coats', 'Faux Fur Jacket', '21win', NULL, 'winter', 2021, 'f', NULL, NULL, 198, 4.8, '/assets/s6.png', '', NULL, NULL, NULL, NULL, 't');
INSERT INTO "product" ("id", "product_category_id", "product_category_name", "name", "brand", "product_sn", "publish_season", "publish_year", "new_status", "sort", "sale", "price", "rating", "preview_pic", "unit", "weight", "keywords", "note", "delivery_type", "status") VALUES (75, 27, 'Coats', 'Faux Fur Jacket', '21win', NULL, 'winter', 2021, 'f', NULL, NULL, 198, 4.8, '/assets/s7.png', '', NULL, NULL, NULL, NULL, 't');
INSERT INTO "product" ("id", "product_category_id", "product_category_name", "name", "brand", "product_sn", "publish_season", "publish_year", "new_status", "sort", "sale", "price", "rating", "preview_pic", "unit", "weight", "keywords", "note", "delivery_type", "status") VALUES (76, 27, 'Coats', 'Faux Fur Jacket', '21win', NULL, 'winter', 2021, 'f', NULL, NULL, 198, 4.8, '/assets/s8.png', '', NULL, NULL, NULL, NULL, 't');
INSERT INTO "product" ("id", "product_category_id", "product_category_name", "name", "brand", "product_sn", "publish_season", "publish_year", "new_status", "sort", "sale", "price", "rating", "preview_pic", "unit", "weight", "keywords", "note", "delivery_type", "status") VALUES (77, 27, 'Coats', 'Faux Fur Jacket', '21win', NULL, 'winter', 2021, 'f', NULL, NULL, 198, 4.8, '/assets/s9.png', '', NULL, NULL, NULL, NULL, 't');
INSERT INTO "product" ("id", "product_category_id", "product_category_name", "name", "brand", "product_sn", "publish_season", "publish_year", "new_status", "sort", "sale", "price", "rating", "preview_pic", "unit", "weight", "keywords", "note", "delivery_type", "status") VALUES (65, 38, 'Jewelry', 'diamond ring', 'zara', NULL, 'spring', 2021, 'f', NULL, NULL, 198, 4.8, '/assets/p33.png', '', NULL, NULL, NULL, NULL, 't');
INSERT INTO "product" ("id", "product_category_id", "product_category_name", "name", "brand", "product_sn", "publish_season", "publish_year", "new_status", "sort", "sale", "price", "rating", "preview_pic", "unit", "weight", "keywords", "note", "delivery_type", "status") VALUES (16, 4, 'Dresses', 'French Linen Godet Dress', 'zara', NULL, 'spring', 2024, 't', NULL, NULL, 198, 4.8, '/assets/2-3.jpg', '', NULL, NULL, NULL, NULL, 't');
INSERT INTO "product" ("id", "product_category_id", "product_category_name", "name", "brand", "product_sn", "publish_season", "publish_year", "new_status", "sort", "sale", "price", "rating", "preview_pic", "unit", "weight", "keywords", "note", "delivery_type", "status") VALUES (45, 71, 'Shirt', 'Georgette Layered Shirt', 'MOHAN', NULL, 'spring', 2021, 'f', NULL, NULL, 198, 4.8, '/assets/p0.png', '', NULL, NULL, NULL, NULL, 't');
INSERT INTO "product" ("id", "product_category_id", "product_category_name", "name", "brand", "product_sn", "publish_season", "publish_year", "new_status", "sort", "sale", "price", "rating", "preview_pic", "unit", "weight", "keywords", "note", "delivery_type", "status") VALUES (46, 71, 'Shirt', 'Georgette Layered Shirt', 'MOHAN', NULL, 'spring', 2021, 'f', NULL, NULL, 198, 4.8, '/assets/p1.png', '', NULL, NULL, NULL, NULL, 't');
INSERT INTO "product" ("id", "product_category_id", "product_category_name", "name", "brand", "product_sn", "publish_season", "publish_year", "new_status", "sort", "sale", "price", "rating", "preview_pic", "unit", "weight", "keywords", "note", "delivery_type", "status") VALUES (78, 27, 'Coats', 'Faux Fur Jacket', '21win', NULL, 'winter', 2021, 'f', NULL, NULL, 198, 4.8, '/assets/s10.png', '', NULL, NULL, NULL, NULL, 't');
INSERT INTO "product" ("id", "product_category_id", "product_category_name", "name", "brand", "product_sn", "publish_season", "publish_year", "new_status", "sort", "sale", "price", "rating", "preview_pic", "unit", "weight", "keywords", "note", "delivery_type", "status") VALUES (8, 4, 'Dresses', 'black dress', 'zara', NULL, 'spring', 2024, 'f', NULL, NULL, 198, 4.8, '/assets/1-1.png', '', NULL, NULL, NULL, NULL, 't');
INSERT INTO "product" ("id", "product_category_id", "product_category_name", "name", "brand", "product_sn", "publish_season", "publish_year", "new_status", "sort", "sale", "price", "rating", "preview_pic", "unit", "weight", "keywords", "note", "delivery_type", "status") VALUES (9, 87, 'shoes', 'black shoes', 'zara', NULL, 'spring', 2024, 'f', NULL, NULL, 198, 4.8, '/assets/1-2.png', '', NULL, NULL, NULL, NULL, 't');
INSERT INTO "product" ("id", "product_category_id", "product_category_name", "name", "brand", "product_sn", "publish_season", "publish_year", "new_status", "sort", "sale", "price", "rating", "preview_pic", "unit", "weight", "keywords", "note", "delivery_type", "status") VALUES (10, 38, 'Jewelry', 'golden ring', 'zara', NULL, 'spring', 2024, 'f', NULL, NULL, 198, 4.8, '/assets/1-3.png', '', NULL, NULL, NULL, NULL, 't');
INSERT INTO "product" ("id", "product_category_id", "product_category_name", "name", "brand", "product_sn", "publish_season", "publish_year", "new_status", "sort", "sale", "price", "rating", "preview_pic", "unit", "weight", "keywords", "note", "delivery_type", "status") VALUES (7, 4, 'Dresses', 'black dress', 'zara', NULL, 'spring', 2024, 't', NULL, NULL, 1986, 4.8, '/assets/1.png', '', NULL, NULL, NULL, NULL, 't');
COMMIT;

BEGIN;
INSERT INTO "product_detail_template" ("id", "type", "title", "detail") VALUES (1, '1', 'MATERIALS', 'We work with monitoring programmes to ensure compliance with safety, health and quality standards for our products. ');
INSERT INTO "product_detail_template" ("id", "type", "title", "detail") VALUES (2, '1', 'CARE', 'To keep your jackets and coats clean, you only need to freshen them up and go over them with a cloth or a clothes brush. If you need to dry clean a garment, look for a dry cleaner that uses technologies that are respectful of the environment.;Do not use bleach;Do not tumble dry;Dry clean with tetrachloroethylene;Iron at a maximum of 110ºC/230ºF');
INSERT INTO "product_detail_template" ("id", "type", "title", "detail") VALUES (3, '2', 'Free Flat Rate Shipping', '');
INSERT INTO "product_detail_template" ("id", "type", "title", "detail") VALUES (4, '3', 'COD Policy', 'cash on delivery');
INSERT INTO "product_detail_template" ("id", "type", "title", "detail") VALUES (5, '3', 'Return Policy', 'One week to support return and exchange');
INSERT INTO "product_detail_template" ("id", "type", "title", "detail") VALUES (6, '3', 'COD Policy', 'Installment payments are supported');
COMMIT;

BEGIN;
INSERT INTO "product_detail_template_relation" ("id", "category_id", "template_id", "sort") VALUES (1, 4, 1, 0);
INSERT INTO "product_detail_template_relation" ("id", "category_id", "template_id", "sort") VALUES (2, 4, 2, 1);
INSERT INTO "product_detail_template_relation" ("id", "category_id", "template_id", "sort") VALUES (3, 4, 3, 2);
INSERT INTO "product_detail_template_relation" ("id", "category_id", "template_id", "sort") VALUES (4, 4, 4, 3);
INSERT INTO "product_detail_template_relation" ("id", "category_id", "template_id", "sort") VALUES (5, 4, 5, 4);
INSERT INTO "product_detail_template_relation" ("id", "category_id", "template_id", "sort") VALUES (6, 27, 1, 0);
INSERT INTO "product_detail_template_relation" ("id", "category_id", "template_id", "sort") VALUES (7, 27, 2, 1);
INSERT INTO "product_detail_template_relation" ("id", "category_id", "template_id", "sort") VALUES (8, 27, 3, 2);
INSERT INTO "product_detail_template_relation" ("id", "category_id", "template_id", "sort") VALUES (9, 27, 4, 3);
INSERT INTO "product_detail_template_relation" ("id", "category_id", "template_id", "sort") VALUES (10, 27, 5, 4);
INSERT INTO "product_detail_template_relation" ("id", "category_id", "template_id", "sort") VALUES (11, 71, 1, 0);
INSERT INTO "product_detail_template_relation" ("id", "category_id", "template_id", "sort") VALUES (12, 71, 2, 1);
INSERT INTO "product_detail_template_relation" ("id", "category_id", "template_id", "sort") VALUES (13, 71, 3, 2);
INSERT INTO "product_detail_template_relation" ("id", "category_id", "template_id", "sort") VALUES (14, 71, 4, 3);
INSERT INTO "product_detail_template_relation" ("id", "category_id", "template_id", "sort") VALUES (15, 71, 5, 4);
INSERT INTO "product_detail_template_relation" ("id", "category_id", "template_id", "sort") VALUES (16, 38, 3, 0);
INSERT INTO "product_detail_template_relation" ("id", "category_id", "template_id", "sort") VALUES (17, 38, 6, 1);
INSERT INTO "product_detail_template_relation" ("id", "category_id", "template_id", "sort") VALUES (18, 38, 5, 2);
INSERT INTO "product_detail_template_relation" ("id", "category_id", "template_id", "sort") VALUES (19, 87, 3, 0);
INSERT INTO "product_detail_template_relation" ("id", "category_id", "template_id", "sort") VALUES (20, 87, 4, 1);
INSERT INTO "product_detail_template_relation" ("id", "category_id", "template_id", "sort") VALUES (21, 87, 5, 2);
COMMIT;

BEGIN;
INSERT INTO "product_attribute" ("id", "name", "sort", "status") VALUES (1, 'Color', 0, 't');
INSERT INTO "product_attribute" ("id", "name", "sort", "status") VALUES (2, 'Size', 1, 't');
INSERT INTO "product_attribute" ("id", "name", "sort", "status") VALUES (3, 'Ring Size', 3, 't');
COMMIT;

BEGIN;
INSERT INTO "product_attribute_value" ("id", "product_attribute_id", "value") VALUES (1, 1, 'black');
INSERT INTO "product_attribute_value" ("id", "product_attribute_id", "value") VALUES (2, 1, 'orange');
INSERT INTO "product_attribute_value" ("id", "product_attribute_id", "value") VALUES (3, 1, 'white');
INSERT INTO "product_attribute_value" ("id", "product_attribute_id", "value") VALUES (4, 2, 'S');
INSERT INTO "product_attribute_value" ("id", "product_attribute_id", "value") VALUES (5, 2, 'M');
INSERT INTO "product_attribute_value" ("id", "product_attribute_id", "value") VALUES (6, 2, 'L');
INSERT INTO "product_attribute_value" ("id", "product_attribute_id", "value") VALUES (7, 3, '6');
INSERT INTO "product_attribute_value" ("id", "product_attribute_id", "value") VALUES (8, 3, '8');
INSERT INTO "product_attribute_value" ("id", "product_attribute_id", "value") VALUES (9, 3, '9');
INSERT INTO "product_attribute_value" ("id", "product_attribute_id", "value") VALUES (10, 3, '10');
INSERT INTO "product_attribute_value" ("id", "product_attribute_id", "value") VALUES (11, 3, '11');
COMMIT;

BEGIN;
INSERT INTO "product_category_attribute_relation" ("id", "category_id", "attribute_id", "status") VALUES (1, 4, 1, 't');
INSERT INTO "product_category_attribute_relation" ("id", "category_id", "attribute_id", "status") VALUES (2, 4, 2, 't');
INSERT INTO "product_category_attribute_relation" ("id", "category_id", "attribute_id", "status") VALUES (3, 67, 1, 't');
INSERT INTO "product_category_attribute_relation" ("id", "category_id", "attribute_id", "status") VALUES (4, 67, 2, 't');
INSERT INTO "product_category_attribute_relation" ("id", "category_id", "attribute_id", "status") VALUES (5, 27, 1, 't');
INSERT INTO "product_category_attribute_relation" ("id", "category_id", "attribute_id", "status") VALUES (6, 27, 2, 't');
INSERT INTO "product_category_attribute_relation" ("id", "category_id", "attribute_id", "status") VALUES (7, 38, 3, 't');
INSERT INTO "product_category_attribute_relation" ("id", "category_id", "attribute_id", "status") VALUES (8, 71, 1, 't');
INSERT INTO "product_category_attribute_relation" ("id", "category_id", "attribute_id", "status") VALUES (9, 71, 2, 't');
COMMIT;

BEGIN;
INSERT INTO "product_category" ("id", "parent_id", "name", "level", "sort", "keywords", "description", "status") VALUES (1, 0, 'WOMEN', 0, 0, NULL, NULL, 't');
INSERT INTO "product_category" ("id", "parent_id", "name", "level", "sort", "keywords", "description", "status") VALUES (2, 0, 'MEN', 0, 1, NULL, NULL, 't');
INSERT INTO "product_category" ("id", "parent_id", "name", "level", "sort", "keywords", "description", "status") VALUES (3, 0, 'KIDS', 0, 2, NULL, NULL, 't');
INSERT INTO "product_category" ("id", "parent_id", "name", "level", "sort", "keywords", "description", "status") VALUES (4, 1, 'Dresses', 1, 0, NULL, NULL, 't');
INSERT INTO "product_category" ("id", "parent_id", "name", "level", "sort", "keywords", "description", "status") VALUES (5, 1, 'Tops', 1, 1, NULL, NULL, 't');
INSERT INTO "product_category" ("id", "parent_id", "name", "level", "sort", "keywords", "description", "status") VALUES (6, 1, 'Outerwear', 1, 2, NULL, NULL, 't');
INSERT INTO "product_category" ("id", "parent_id", "name", "level", "sort", "keywords", "description", "status") VALUES (82, 22, 'WeddingGuest', 3, 0, NULL, NULL, 't');
INSERT INTO "product_category" ("id", "parent_id", "name", "level", "sort", "keywords", "description", "status") VALUES (7, 1, 'Bottoms', 1, 3, NULL, NULL, 't');
INSERT INTO "product_category" ("id", "parent_id", "name", "level", "sort", "keywords", "description", "status") VALUES (8, 1, 'Skirts', 1, 4, NULL, NULL, 't');
INSERT INTO "product_category" ("id", "parent_id", "name", "level", "sort", "keywords", "description", "status") VALUES (9, 1, 'Accessories', 1, 5, NULL, NULL, 't');
INSERT INTO "product_category" ("id", "parent_id", "name", "level", "sort", "keywords", "description", "status") VALUES (10, 2, 'Tops', 1, 0, NULL, NULL, 't');
INSERT INTO "product_category" ("id", "parent_id", "name", "level", "sort", "keywords", "description", "status") VALUES (11, 2, 'Bottoms', 1, 1, NULL, NULL, 't');
INSERT INTO "product_category" ("id", "parent_id", "name", "level", "sort", "keywords", "description", "status") VALUES (12, 2, 'Sportswear', 1, 2, NULL, NULL, 't');
INSERT INTO "product_category" ("id", "parent_id", "name", "level", "sort", "keywords", "description", "status") VALUES (13, 2, 'FormalWear', 1, 3, NULL, NULL, 't');
INSERT INTO "product_category" ("id", "parent_id", "name", "level", "sort", "keywords", "description", "status") VALUES (14, 2, 'Accessories', 1, 4, NULL, NULL, 't');
INSERT INTO "product_category" ("id", "parent_id", "name", "level", "sort", "keywords", "description", "status") VALUES (15, 3, 'Girls', 1, 0, NULL, NULL, 't');
INSERT INTO "product_category" ("id", "parent_id", "name", "level", "sort", "keywords", "description", "status") VALUES (16, 3, 'Boys', 1, 1, NULL, NULL, 't');
INSERT INTO "product_category" ("id", "parent_id", "name", "level", "sort", "keywords", "description", "status") VALUES (17, 3, 'Infants', 1, 2, NULL, NULL, 't');
INSERT INTO "product_category" ("id", "parent_id", "name", "level", "sort", "keywords", "description", "status") VALUES (18, 3, 'Accessories', 1, 2, NULL, NULL, 't');
INSERT INTO "product_category" ("id", "parent_id", "name", "level", "sort", "keywords", "description", "status") VALUES (19, 4, 'CasualDresses', 2, 0, NULL, NULL, 't');
INSERT INTO "product_category" ("id", "parent_id", "name", "level", "sort", "keywords", "description", "status") VALUES (20, 4, 'FormalDresses', 2, 1, NULL, NULL, 't');
INSERT INTO "product_category" ("id", "parent_id", "name", "level", "sort", "keywords", "description", "status") VALUES (21, 4, 'SeasonalDresses', 2, 2, NULL, NULL, 't');
INSERT INTO "product_category" ("id", "parent_id", "name", "level", "sort", "keywords", "description", "status") VALUES (22, 4, 'OccasionDresses', 2, 3, NULL, NULL, 't');
INSERT INTO "product_category" ("id", "parent_id", "name", "level", "sort", "keywords", "description", "status") VALUES (23, 5, 'Blouses', 2, 0, NULL, NULL, 't');
INSERT INTO "product_category" ("id", "parent_id", "name", "level", "sort", "keywords", "description", "status") VALUES (24, 5, 'Shirts', 2, 1, NULL, NULL, 't');
INSERT INTO "product_category" ("id", "parent_id", "name", "level", "sort", "keywords", "description", "status") VALUES (25, 5, 'Sweaters', 2, 2, NULL, NULL, 't');
INSERT INTO "product_category" ("id", "parent_id", "name", "level", "sort", "keywords", "description", "status") VALUES (26, 5, 'TShirts', 2, 3, NULL, NULL, 't');
INSERT INTO "product_category" ("id", "parent_id", "name", "level", "sort", "keywords", "description", "status") VALUES (27, 6, 'Coats', 2, 0, NULL, NULL, 't');
INSERT INTO "product_category" ("id", "parent_id", "name", "level", "sort", "keywords", "description", "status") VALUES (28, 6, 'Jackets', 2, 1, NULL, NULL, 't');
INSERT INTO "product_category" ("id", "parent_id", "name", "level", "sort", "keywords", "description", "status") VALUES (29, 6, 'Vests', 2, 2, NULL, NULL, 't');
INSERT INTO "product_category" ("id", "parent_id", "name", "level", "sort", "keywords", "description", "status") VALUES (30, 7, 'Pants', 2, 0, NULL, NULL, 't');
INSERT INTO "product_category" ("id", "parent_id", "name", "level", "sort", "keywords", "description", "status") VALUES (31, 7, 'Jeans', 2, 1, NULL, NULL, 't');
INSERT INTO "product_category" ("id", "parent_id", "name", "level", "sort", "keywords", "description", "status") VALUES (32, 7, 'Shorts', 2, 2, NULL, NULL, 't');
INSERT INTO "product_category" ("id", "parent_id", "name", "level", "sort", "keywords", "description", "status") VALUES (33, 8, 'Casual', 2, 0, NULL, NULL, 't');
INSERT INTO "product_category" ("id", "parent_id", "name", "level", "sort", "keywords", "description", "status") VALUES (34, 8, 'Formal', 2, 1, NULL, NULL, 't');
INSERT INTO "product_category" ("id", "parent_id", "name", "level", "sort", "keywords", "description", "status") VALUES (35, 8, 'SpecialOccasion', 2, 2, NULL, NULL, 't');
INSERT INTO "product_category" ("id", "parent_id", "name", "level", "sort", "keywords", "description", "status") VALUES (36, 9, 'Scarves', 2, 0, NULL, NULL, 't');
INSERT INTO "product_category" ("id", "parent_id", "name", "level", "sort", "keywords", "description", "status") VALUES (37, 9, 'Belts', 2, 1, NULL, NULL, 't');
INSERT INTO "product_category" ("id", "parent_id", "name", "level", "sort", "keywords", "description", "status") VALUES (38, 9, 'Jewelry', 2, 2, NULL, NULL, 't');
INSERT INTO "product_category" ("id", "parent_id", "name", "level", "sort", "keywords", "description", "status") VALUES (39, 9, 'Hats', 2, 3, NULL, NULL, 't');
INSERT INTO "product_category" ("id", "parent_id", "name", "level", "sort", "keywords", "description", "status") VALUES (40, 10, 'TShirts', 2, 0, NULL, NULL, 't');
INSERT INTO "product_category" ("id", "parent_id", "name", "level", "sort", "keywords", "description", "status") VALUES (41, 10, 'Shirts', 2, 1, NULL, NULL, 't');
INSERT INTO "product_category" ("id", "parent_id", "name", "level", "sort", "keywords", "description", "status") VALUES (42, 10, 'Sweaters', 2, 2, NULL, NULL, 't');
INSERT INTO "product_category" ("id", "parent_id", "name", "level", "sort", "keywords", "description", "status") VALUES (43, 10, 'Outerwear', 2, 3, NULL, NULL, 't');
INSERT INTO "product_category" ("id", "parent_id", "name", "level", "sort", "keywords", "description", "status") VALUES (44, 11, 'Pants', 2, 0, NULL, NULL, 't');
INSERT INTO "product_category" ("id", "parent_id", "name", "level", "sort", "keywords", "description", "status") VALUES (45, 11, 'Shorts', 2, 1, NULL, NULL, 't');
INSERT INTO "product_category" ("id", "parent_id", "name", "level", "sort", "keywords", "description", "status") VALUES (46, 11, 'Jeans', 2, 2, NULL, NULL, 't');
INSERT INTO "product_category" ("id", "parent_id", "name", "level", "sort", "keywords", "description", "status") VALUES (47, 12, 'Tops', 2, 0, NULL, NULL, 't');
INSERT INTO "product_category" ("id", "parent_id", "name", "level", "sort", "keywords", "description", "status") VALUES (48, 12, 'Bottoms', 2, 1, NULL, NULL, 't');
INSERT INTO "product_category" ("id", "parent_id", "name", "level", "sort", "keywords", "description", "status") VALUES (49, 13, 'Suits', 2, 0, NULL, NULL, 't');
INSERT INTO "product_category" ("id", "parent_id", "name", "level", "sort", "keywords", "description", "status") VALUES (50, 13, 'DressShirts', 2, 1, NULL, NULL, 't');
INSERT INTO "product_category" ("id", "parent_id", "name", "level", "sort", "keywords", "description", "status") VALUES (51, 14, 'Ties', 2, 0, NULL, NULL, 't');
INSERT INTO "product_category" ("id", "parent_id", "name", "level", "sort", "keywords", "description", "status") VALUES (52, 14, 'Belts', 2, 1, NULL, NULL, 't');
INSERT INTO "product_category" ("id", "parent_id", "name", "level", "sort", "keywords", "description", "status") VALUES (53, 14, 'Hats', 2, 2, NULL, NULL, 't');
INSERT INTO "product_category" ("id", "parent_id", "name", "level", "sort", "keywords", "description", "status") VALUES (54, 15, 'Dresses', 2, 0, NULL, NULL, 't');
INSERT INTO "product_category" ("id", "parent_id", "name", "level", "sort", "keywords", "description", "status") VALUES (55, 15, 'Tops', 2, 1, NULL, NULL, 't');
INSERT INTO "product_category" ("id", "parent_id", "name", "level", "sort", "keywords", "description", "status") VALUES (56, 15, 'Bottoms', 2, 2, NULL, NULL, 't');
INSERT INTO "product_category" ("id", "parent_id", "name", "level", "sort", "keywords", "description", "status") VALUES (57, 15, 'Outerwear', 2, 3, NULL, NULL, 't');
INSERT INTO "product_category" ("id", "parent_id", "name", "level", "sort", "keywords", "description", "status") VALUES (58, 16, 'Tops', 2, 0, NULL, NULL, 't');
INSERT INTO "product_category" ("id", "parent_id", "name", "level", "sort", "keywords", "description", "status") VALUES (59, 16, 'Bottoms', 2, 1, NULL, NULL, 't');
INSERT INTO "product_category" ("id", "parent_id", "name", "level", "sort", "keywords", "description", "status") VALUES (60, 16, 'Outerwear', 2, 2, NULL, NULL, 't');
INSERT INTO "product_category" ("id", "parent_id", "name", "level", "sort", "keywords", "description", "status") VALUES (61, 17, 'Onesies', 2, 0, NULL, NULL, 't');
INSERT INTO "product_category" ("id", "parent_id", "name", "level", "sort", "keywords", "description", "status") VALUES (62, 17, 'Rompers', 2, 1, NULL, NULL, 't');
INSERT INTO "product_category" ("id", "parent_id", "name", "level", "sort", "keywords", "description", "status") VALUES (63, 17, 'Sleepwear', 2, 2, NULL, NULL, 't');
INSERT INTO "product_category" ("id", "parent_id", "name", "level", "sort", "keywords", "description", "status") VALUES (64, 18, 'Hats', 2, 0, NULL, NULL, 't');
INSERT INTO "product_category" ("id", "parent_id", "name", "level", "sort", "keywords", "description", "status") VALUES (65, 18, 'Scarves', 2, 1, NULL, NULL, 't');
INSERT INTO "product_category" ("id", "parent_id", "name", "level", "sort", "keywords", "description", "status") VALUES (66, 18, 'Belts', 2, 2, NULL, NULL, 't');
INSERT INTO "product_category" ("id", "parent_id", "name", "level", "sort", "keywords", "description", "status") VALUES (68, 19, 'Midi', 3, 1, NULL, NULL, 't');
INSERT INTO "product_category" ("id", "parent_id", "name", "level", "sort", "keywords", "description", "status") VALUES (69, 19, 'Maxi', 3, 2, NULL, NULL, 't');
INSERT INTO "product_category" ("id", "parent_id", "name", "level", "sort", "keywords", "description", "status") VALUES (70, 19, 'Sun', 3, 3, NULL, NULL, 't');
INSERT INTO "product_category" ("id", "parent_id", "name", "level", "sort", "keywords", "description", "status") VALUES (71, 19, 'Shirt', 3, 4, NULL, NULL, 't');
INSERT INTO "product_category" ("id", "parent_id", "name", "level", "sort", "keywords", "description", "status") VALUES (67, 19, 'Shift', 3, 0, NULL, NULL, 't');
INSERT INTO "product_category" ("id", "parent_id", "name", "level", "sort", "keywords", "description", "status") VALUES (73, 20, 'Cocktail', 3, 1, NULL, NULL, 't');
INSERT INTO "product_category" ("id", "parent_id", "name", "level", "sort", "keywords", "description", "status") VALUES (74, 20, 'Party', 3, 2, NULL, NULL, 't');
INSERT INTO "product_category" ("id", "parent_id", "name", "level", "sort", "keywords", "description", "status") VALUES (75, 20, 'LBD', 3, 3, NULL, NULL, 't');
INSERT INTO "product_category" ("id", "parent_id", "name", "level", "sort", "keywords", "description", "status") VALUES (76, 20, 'MotherOfTheBride', 3, 4, NULL, NULL, 't');
INSERT INTO "product_category" ("id", "parent_id", "name", "level", "sort", "keywords", "description", "status") VALUES (78, 21, 'Winter', 3, 1, NULL, NULL, 't');
INSERT INTO "product_category" ("id", "parent_id", "name", "level", "sort", "keywords", "description", "status") VALUES (72, 20, 'EveningGowns', 3, 0, NULL, NULL, 't');
INSERT INTO "product_category" ("id", "parent_id", "name", "level", "sort", "keywords", "description", "status") VALUES (77, 21, 'Summer', 3, 0, NULL, NULL, 't');
INSERT INTO "product_category" ("id", "parent_id", "name", "level", "sort", "keywords", "description", "status") VALUES (79, 21, 'Spring', 3, 2, NULL, NULL, 't');
INSERT INTO "product_category" ("id", "parent_id", "name", "level", "sort", "keywords", "description", "status") VALUES (80, 21, 'Fall', 3, 3, NULL, NULL, 't');
INSERT INTO "product_category" ("id", "parent_id", "name", "level", "sort", "keywords", "description", "status") VALUES (81, 21, 'Beach', 3, 4, NULL, NULL, 't');
INSERT INTO "product_category" ("id", "parent_id", "name", "level", "sort", "keywords", "description", "status") VALUES (83, 22, 'Prom', 3, 1, NULL, NULL, 't');
INSERT INTO "product_category" ("id", "parent_id", "name", "level", "sort", "keywords", "description", "status") VALUES (84, 22, 'Ceremony', 3, 2, NULL, NULL, 't');
INSERT INTO "product_category" ("id", "parent_id", "name", "level", "sort", "keywords", "description", "status") VALUES (85, 22, 'Graduation', 3, 3, NULL, NULL, 't');
INSERT INTO "product_category" ("id", "parent_id", "name", "level", "sort", "keywords", "description", "status") VALUES (86, 22, 'Bridal', 3, 4, NULL, NULL, 't');
INSERT INTO "product_category" ("id", "parent_id", "name", "level", "sort", "keywords", "description", "status") VALUES (87, 7, 'shoes', 2, 3, NULL, NULL, 't');
COMMIT;

BEGIN;
INSERT INTO "product_picture" ("id", "product_id", "type", "sort", "url", "status") VALUES (1, 7, 1, '1', '/assets/1-1.png', 't');
INSERT INTO "product_picture" ("id", "product_id", "type", "sort", "url", "status") VALUES (4, 14, 1, '1', '/assets/2-1.jpg', 't');
INSERT INTO "product_picture" ("id", "product_id", "type", "sort", "url", "status") VALUES (5, 14, 1, '2', '/assets/2-1-1.jpg', 't');
INSERT INTO "product_picture" ("id", "product_id", "type", "sort", "url", "status") VALUES (6, 14, 1, '3', '/assets/2-1-2.jpg', 't');
INSERT INTO "product_picture" ("id", "product_id", "type", "sort", "url", "status") VALUES (7, 14, 1, '4', '/assets/2-1-3.jpg', 't');
INSERT INTO "product_picture" ("id", "product_id", "type", "sort", "url", "status") VALUES (9, 15, 1, '1', '/assets/2-2-1.jpg', 't');
INSERT INTO "product_picture" ("id", "product_id", "type", "sort", "url", "status") VALUES (10, 15, 1, '2', '/assets/2-2-2.jpg', 't');
INSERT INTO "product_picture" ("id", "product_id", "type", "sort", "url", "status") VALUES (11, 15, 1, '3', '/assets/2-2-3.jpg', 't');
INSERT INTO "product_picture" ("id", "product_id", "type", "sort", "url", "status") VALUES (13, 16, 1, '1', '/assets/2-3-1.jpg', 't');
INSERT INTO "product_picture" ("id", "product_id", "type", "sort", "url", "status") VALUES (14, 16, 1, '2', '/assets/2-3-2.jpg', 't');
INSERT INTO "product_picture" ("id", "product_id", "type", "sort", "url", "status") VALUES (15, 16, 1, '3', '/assets/2-3-3.jpg', 't');
INSERT INTO "product_picture" ("id", "product_id", "type", "sort", "url", "status") VALUES (16, 16, 1, '4', '/assets/2-3-4.jpg', 't');
INSERT INTO "product_picture" ("id", "product_id", "type", "sort", "url", "status") VALUES (17, 16, 1, '5', '/assets/2-3-5.jpg', 't');
INSERT INTO "product_picture" ("id", "product_id", "type", "sort", "url", "status") VALUES (18, 16, 1, '6', '/assets/2-3-6.jpg', 't');
INSERT INTO "product_picture" ("id", "product_id", "type", "sort", "url", "status") VALUES (19, 16, 1, '7', '/assets/2-3-7.jpg', 't');
INSERT INTO "product_picture" ("id", "product_id", "type", "sort", "url", "status") VALUES (20, 16, 1, '8', '/assets/2-3-8.jpg', 't');
INSERT INTO "product_picture" ("id", "product_id", "type", "sort", "url", "status") VALUES (21, 16, 1, '9', '/assets/2-3-9.jpg', 't');
INSERT INTO "product_picture" ("id", "product_id", "type", "sort", "url", "status") VALUES (22, 16, 1, '10', '/assets/2-3-10.jpg', 't');
INSERT INTO "product_picture" ("id", "product_id", "type", "sort", "url", "status") VALUES (23, 12, 2, '0', '/assets/p30.png', 't');
INSERT INTO "product_picture" ("id", "product_id", "type", "sort", "url", "status") VALUES (24, 12, 2, '1', '/assets/p31.png', 't');
INSERT INTO "product_picture" ("id", "product_id", "type", "sort", "url", "status") VALUES (25, 12, 2, '2', '/assets/p32.png', 't');
INSERT INTO "product_picture" ("id", "product_id", "type", "sort", "url", "status") VALUES (26, 12, 2, '3', '/assets/p33.png', 't');
INSERT INTO "product_picture" ("id", "product_id", "type", "sort", "url", "status") VALUES (27, 12, 3, '0', '/assets/p20.png', 't');
INSERT INTO "product_picture" ("id", "product_id", "type", "sort", "url", "status") VALUES (28, 12, 3, '1', '/assets/p21.png', 't');
INSERT INTO "product_picture" ("id", "product_id", "type", "sort", "url", "status") VALUES (29, 12, 3, '2', '/assets/p22.png', 't');
COMMIT;

BEGIN;
INSERT INTO product_recommend ("id", "product_id", "product_name", "sort", "status") VALUES (1, 14, 'Lace Stitch Knit Dress', 1, 't');
INSERT INTO product_recommend ("id", "product_id", "product_name", "sort", "status") VALUES (2, 15, 'Gather Sleeve Midi Dress', 2, 't');
INSERT INTO product_recommend ("id", "product_id", "product_name", "sort", "status") VALUES (3, 16, 'French Linen Godet Dress', 3, 't');
COMMIT;
